Episode ,Reward
1,70
2,80
3,50
4,70
5,15
6,85
7,50
8,90
9,70
10,90
11,90
12,75
13,70
14,95
15,50
16,35
17,65
18,65
19,55
20,35
21,70
22,95
23,45
24,85
25,80
26,50
27,65
28,50
29,45
30,70
31,90
32,80
33,70
34,75
35,75
36,80
37,75
38,85
39,45
40,70
41,70
42,90
43,35
44,40
45,50
46,90
47,10
48,55
49,90
50,-5
51,90
52,40
53,60
54,20
55,20
56,80
57,90
58,45
59,60
60,60
61,45
62,90
63,80
64,80
65,75
66,75
67,85
68,95
69,65
70,65
71,75
72,35
73,65
74,80
75,55
76,50
77,35
78,60
79,65
80,65
81,80
82,35
83,60
84,5
85,60
86,85
87,45
88,60
89,85
90,75
91,20
92,60
93,60
94,65
95,65
96,50
97,90
98,25
99,90
100,40
101,45
102,50
103,80
104,55
105,85
106,60
107,90
108,70
109,55
110,85
111,90
112,50
113,70
114,70
115,85
116,45
117,70
118,95
119,80
120,80
121,90
122,50
123,30
124,55
125,70
126,65
127,60
128,55
129,95
130,90
131,85
132,30
133,50
134,25
135,70
136,40
137,90
138,55
139,80
140,85
141,70
142,85
143,35
144,60
145,80
146,75
147,65
148,90
149,70
150,90
151,75
152,90
153,80
154,65
155,60
156,75
157,65
158,80
159,30
160,80
161,45
162,80
163,60
164,70
165,55
166,70
167,80
168,85
169,70
170,85
171,60
172,80
173,65
174,15
175,50
176,40
177,30
178,45
179,75
180,80
181,65
182,70
183,75
184,90
185,70
186,40
187,80
188,35
189,55
190,75
191,65
192,75
193,90
194,65
195,5
196,65
197,70
198,45
199,45
200,65
201,65
202,75
203,75
204,95
205,90
206,60
207,80
208,30
209,75
210,35
211,90
212,90
213,60
214,85
215,50
216,55
217,75
218,80
219,70
220,80
221,0
222,75
223,60
224,60
225,85
226,80
227,70
228,65
229,90
230,55
231,50
232,75
233,15
234,80
235,20
236,20
237,60
238,90
239,55
240,65
241,60
242,80
243,35
244,55
245,80
246,80
247,70
248,25
249,45
250,90
251,75
252,75
253,95
254,35
255,50
256,75
257,65
258,75
259,90
260,55
261,65
262,85
263,25
264,65
265,80
266,60
267,70
268,90
269,85
270,80
271,60
272,65
273,45
274,55
275,50
276,90
277,45
278,65
279,90
280,55
281,90
282,65
283,55
284,40
285,70
286,70
287,75
288,80
289,65
290,45
291,50
292,50
293,75
294,65
295,75
296,80
297,90
298,80
299,50
300,90
301,85
302,50
303,60
304,75
305,80
306,60
307,80
308,90
309,90
310,65
311,80
312,20
313,20
314,65
315,30
316,35
317,70
318,75
319,60
320,75
321,70
322,55
323,55
324,80
325,25
326,50
327,75
328,90
329,75
330,85
331,80
332,5
333,40
334,30
335,90
336,70
337,65
338,35
339,70
340,90
341,25
342,60
343,25
344,75
345,75
346,70
347,65
348,90
349,55
350,25
351,60
352,80
353,75
354,45
355,75
356,75
357,20
358,90
359,55
360,95
361,55
362,60
363,70
364,60
365,60
366,70
367,70
368,75
369,85
370,40
371,85
372,45
373,55
374,90
375,65
376,70
377,90
378,55
379,25
380,75
381,75
382,55
383,50
384,40
385,80
386,65
387,70
388,55
389,90
390,90
391,75
392,90
393,80
394,80
395,50
396,95
397,75
398,80
399,50
400,35
401,65
402,25
403,40
404,75
405,70
406,95
407,90
408,55
409,80
410,70
411,95
412,40
413,55
414,65
415,45
416,90
417,90
418,65
419,65
420,95
421,90
422,75
423,85
424,90
425,95
426,85
427,50
428,55
429,50
430,90
431,60
432,90
433,90
434,60
435,75
436,50
437,70
438,75
439,35
440,80
441,90
442,80
443,65
444,40
445,80
446,50
447,65
448,90
449,65
450,90
451,75
452,60
453,55
454,45
455,50
456,90
457,65
458,90
459,45
460,55
461,35
462,80
463,70
464,20
465,90
466,95
467,50
468,70
469,90
470,70
471,35
472,90
473,75
474,15
475,90
476,70
477,25
478,30
479,55
480,55
481,90
482,70
483,90
484,80
485,55
486,65
487,80
488,90
489,60
490,45
491,90
492,75
493,70
494,70
495,25
496,90
497,85
498,60
499,75
500,50
501,35
502,90
503,65
504,90
505,65
506,90
507,65
508,20
509,80
510,75
511,75
512,75
513,85
514,70
515,75
516,55
517,50
518,75
519,55
520,35
521,75
522,55
523,35
524,80
525,0
526,60
527,85
528,90
529,50
530,75
531,55
532,75
533,80
534,90
535,70
536,95
537,55
538,65
539,90
540,90
541,95
542,65
543,90
544,90
545,80
546,55
547,80
548,85
549,80
550,55
551,55
552,65
553,50
554,40
555,90
556,65
557,50
558,35
559,60
560,80
561,50
562,60
563,75
564,80
565,90
566,60
567,60
568,20
569,90
570,35
571,45
572,90
573,75
574,60
575,95
576,90
577,50
578,55
579,60
580,80
581,45
582,75
583,60
584,75
585,55
586,30
587,15
588,35
589,45
590,55
591,70
592,40
593,70
594,75
595,40
596,25
597,55
598,80
599,90
600,80
601,90
602,60
603,75
604,45
605,60
606,25
607,95
608,90
609,65
610,55
611,75
612,15
613,65
614,55
615,40
616,85
617,90
618,85
619,90
620,45
621,65
622,-5
623,75
624,55
625,75
626,60
627,75
628,70
629,40
630,75
631,65
632,90
633,60
634,55
635,95
636,75
637,75
638,75
639,70
640,35
641,50
642,95
643,90
644,75
645,50
646,60
647,65
648,75
649,90
650,75
651,90
652,25
653,90
654,75
655,75
656,80
657,20
658,80
659,90
660,90
661,65
662,45
663,60
664,70
665,60
666,65
667,75
668,65
669,80
670,95
671,70
672,90
673,90
674,65
675,85
676,90
677,75
678,65
679,80
680,35
681,75
682,60
683,85
684,65
685,80
686,75
687,70
688,75
689,80
690,90
691,75
692,75
693,65
694,75
695,80
696,90
697,75
698,75
699,75
700,60
701,90
702,65
703,40
704,80
705,90
706,20
707,50
708,60
709,70
710,70
711,75
712,75
713,80
714,55
715,65
716,45
717,90
718,75
719,90
720,60
721,70
722,35
723,55
724,95
725,55
726,70
727,90
728,90
729,90
730,45
731,10
732,30
733,90
734,80
735,45
736,30
737,90
738,45
739,25
740,25
741,55
742,90
743,25
744,65
745,75
746,40
747,60
748,75
749,90
750,75
751,90
752,65
753,95
754,90
755,55
756,75
757,75
758,70
759,65
760,40
761,50
762,90
763,75
764,75
765,85
766,65
767,-20
768,70
769,90
770,65
771,65
772,75
773,80
774,30
775,70
776,60
777,40
778,90
779,55
780,50
781,75
782,80
783,95
784,50
785,60
786,35
787,75
788,90
789,90
790,65
791,25
792,45
793,10
794,65
795,90
796,70
797,70
798,75
799,80
800,80
801,95
802,55
803,50
804,60
805,55
806,55
807,65
808,45
809,75
810,55
811,45
812,65
813,80
814,60
815,50
816,55
817,55
818,5
819,30
820,80
821,20
822,80
823,55
824,75
825,65
826,85
827,45
828,70
829,45
830,55
831,90
832,90
833,80
834,65
835,90
836,75
837,65
838,90
839,90
840,60
841,45
842,65
843,85
844,70
845,70
846,90
847,40
848,30
849,25
850,35
851,65
852,45
853,55
854,55
855,40
856,50
857,70
858,90
859,25
860,45
861,80
862,60
863,25
864,75
865,50
866,-10
867,90
868,75
869,95
870,75
871,60
872,70
873,45
874,80
875,80
876,80
877,80
878,70
879,40
880,60
881,65
882,90
883,60
884,70
885,75
886,55
887,60
888,70
889,85
890,50
891,70
892,45
893,60
894,90
895,90
896,30
897,60
898,85
899,80
900,90
901,90
902,30
903,90
904,70
905,80
906,95
907,30
908,70
909,85
910,35
911,90
912,90
913,-10
914,90
915,25
916,75
917,45
918,30
919,75
920,80
921,65
922,80
923,65
924,75
925,75
926,70
927,80
928,75
929,40
930,30
931,65
932,70
933,55
934,25
935,90
936,75
937,20
938,50
939,90
940,55
941,60
942,90
943,50
944,15
945,75
946,85
947,75
948,75
949,90
950,30
951,85
952,45
953,65
954,90
955,25
956,30
957,90
958,30
959,75
960,80
961,75
962,90
963,80
964,90
965,65
966,85
967,55
968,55
969,95
970,30
971,80
972,65
973,80
974,85
975,70
976,70
977,20
978,70
979,55
980,80
981,70
982,20
983,90
984,60
985,55
986,40
987,40
988,75
989,20
990,70
991,40
992,80
993,90
994,50
995,85
996,70
997,90
998,30
999,85
1000,75
1001,80
1002,75
1003,60
1004,95
1005,95
1006,75
1007,45
1008,15
1009,85
1010,85
1011,40
1012,80
1013,15
1014,75
1015,65
1016,70
1017,75
1018,55
1019,90
1020,80
1021,90
1022,60
1023,70
1024,75
1025,90
1026,80
1027,40
1028,90
1029,80
1030,95
1031,85
1032,80
1033,70
1034,90
1035,65
1036,55
1037,90
1038,90
1039,60
1040,5
1041,90
1042,75
1043,55
1044,5
1045,80
1046,95
1047,70
1048,90
1049,85
1050,50
1051,35
1052,90
1053,80
1054,80
1055,90
1056,85
1057,65
1058,55
1059,90
1060,75
1061,90
1062,30
1063,85
1064,45
1065,80
1066,90
1067,75
1068,90
1069,75
1070,70
1071,95
1072,70
1073,85
1074,50
1075,40
1076,50
1077,35
1078,90
1079,80
1080,55
1081,75
1082,45
1083,90
1084,60
1085,90
1086,65
1087,30
1088,20
1089,80
1090,20
1091,75
1092,55
1093,20
1094,75
1095,75
1096,80
1097,55
1098,70
1099,60
1100,85
1101,90
1102,90
1103,90
1104,90
1105,40
1106,85
1107,45
1108,30
1109,70
1110,90
1111,70
1112,75
1113,45
1114,75
1115,90
1116,45
1117,60
1118,40
1119,90
1120,95
1121,80
1122,75
1123,90
1124,30
1125,30
1126,70
1127,90
1128,75
1129,90
1130,80
1131,65
1132,90
1133,-35
1134,75
1135,90
1136,85
1137,75
1138,20
1139,45
1140,90
1141,70
1142,60
1143,40
1144,75
1145,75
1146,65
1147,90
1148,80
1149,45
1150,55
1151,55
1152,0
1153,65
1154,40
1155,45
1156,50
1157,65
1158,90
1159,75
1160,65
1161,60
1162,50
1163,10
1164,70
1165,60
1166,85
1167,70
1168,65
1169,90
1170,70
1171,55
1172,70
1173,25
1174,85
1175,95
1176,85
1177,65
1178,70
1179,90
1180,45
1181,65
1182,55
1183,90
1184,80
1185,65
1186,55
1187,90
1188,70
1189,40
1190,55
1191,80
1192,65
1193,25
1194,45
1195,90
1196,80
1197,80
1198,90
1199,25
1200,30
1201,80
1202,65
1203,75
1204,65
1205,25
1206,75
1207,60
1208,75
1209,65
1210,65
1211,80
1212,70
1213,50
1214,85
1215,70
1216,95
1217,70
1218,35
1219,55
1220,35
1221,75
1222,50
1223,55
1224,85
1225,80
1226,30
1227,80
1228,55
1229,65
1230,90
1231,45
1232,75
1233,75
1234,85
1235,35
1236,40
1237,35
1238,90
1239,80
1240,85
1241,45
1242,85
1243,90
1244,60
1245,65
1246,80
1247,30
1248,20
1249,70
1250,85
1251,95
1252,55
1253,85
1254,90
1255,75
1256,90
1257,75
1258,65
1259,70
1260,75
1261,35
1262,60
1263,50
1264,85
1265,55
1266,75
1267,90
1268,50
1269,25
1270,20
1271,35
1272,60
1273,25
1274,80
1275,80
1276,90
1277,80
1278,90
1279,65
1280,50
1281,70
1282,75
1283,40
1284,20
1285,55
1286,80
1287,75
1288,75
1289,85
1290,85
1291,75
1292,90
1293,60
1294,60
1295,60
1296,50
1297,90
1298,45
1299,50
1300,70
1301,75
1302,90
1303,60
1304,90
1305,90
1306,60
1307,90
1308,65
1309,35
1310,80
1311,90
1312,75
1313,50
1314,55
1315,90
1316,80
1317,65
1318,60
1319,80
1320,60
1321,35
1322,50
1323,70
1324,85
1325,70
1326,65
1327,65
1328,55
1329,55
1330,50
1331,90
1332,40
1333,75
1334,5
1335,20
1336,85
1337,60
1338,80
1339,80
1340,50
1341,60
1342,70
1343,65
1344,70
1345,65
1346,55
1347,25
1348,80
1349,35
1350,80
1351,65
1352,45
1353,70
1354,65
1355,45
1356,65
1357,35
1358,60
1359,75
1360,40
1361,60
1362,65
1363,40
1364,35
1365,80
1366,60
1367,90
1368,75
1369,65
1370,70
1371,70
1372,80
1373,90
1374,90
1375,70
1376,55
1377,50
1378,30
1379,50
1380,75
1381,90
1382,75
1383,90
1384,85
1385,90
1386,80
1387,85
1388,65
1389,80
1390,80
1391,80
1392,40
1393,75
1394,80
1395,40
1396,80
1397,65
1398,80
1399,70
1400,60
1401,45
1402,20
1403,90
1404,70
1405,95
1406,95
1407,10
1408,65
1409,40
1410,55
1411,25
1412,60
1413,45
1414,60
1415,65
1416,90
1417,90
1418,20
1419,90
1420,70
1421,85
1422,75
1423,75
1424,55
1425,65
1426,75
1427,60
1428,45
1429,45
1430,60
1431,45
1432,65
1433,75
1434,65
1435,55
1436,70
1437,75
1438,45
1439,75
1440,80
1441,65
1442,75
1443,90
1444,25
1445,90
1446,40
1447,75
1448,90
1449,75
1450,80
1451,35
1452,75
1453,80
1454,70
1455,60
1456,50
1457,85
1458,90
1459,90
1460,50
1461,65
1462,70
1463,40
1464,65
1465,75
1466,55
1467,70
1468,90
1469,90
1470,70
1471,55
1472,80
1473,60
1474,75
1475,80
1476,25
1477,90
1478,95
1479,40
1480,65
1481,25
1482,55
1483,35
1484,90
1485,80
1486,50
1487,55
1488,50
1489,80
1490,80
1491,55
1492,50
1493,90
1494,90
1495,70
1496,80
1497,25
1498,75
1499,90
1500,65
1501,85
1502,65
1503,75
1504,50
1505,60
1506,80
1507,80
1508,35
1509,90
1510,80
1511,75
1512,90
1513,75
1514,10
1515,55
1516,30
1517,90
1518,85
1519,55
1520,50
1521,95
1522,85
1523,60
1524,40
1525,90
1526,80
1527,80
1528,40
1529,50
1530,90
1531,25
1532,45
1533,85
1534,95
1535,70
1536,30
1537,70
1538,65
1539,75
1540,65
1541,75
1542,90
1543,-45
1544,35
1545,65
1546,70
1547,70
1548,70
1549,90
1550,45
1551,60
1552,90
1553,60
1554,55
1555,50
1556,90
1557,75
1558,75
1559,50
1560,55
1561,75
1562,75
1563,70
1564,95
1565,35
1566,95
1567,90
1568,85
1569,75
1570,15
1571,75
1572,75
1573,70
1574,60
1575,70
1576,85
1577,20
1578,65
1579,85
1580,90
1581,80
1582,50
1583,75
1584,55
1585,65
1586,80
1587,75
1588,80
1589,90
1590,85
1591,90
1592,90
1593,-30
1594,80
1595,15
1596,55
1597,55
1598,40
1599,65
1600,60
1601,75
1602,85
1603,30
1604,90
1605,80
1606,80
1607,35
1608,80
1609,55
1610,60
1611,75
1612,50
1613,70
1614,55
1615,90
1616,20
1617,70
1618,45
1619,65
1620,60
1621,65
1622,25
1623,20
1624,35
1625,70
1626,65
1627,85
1628,85
1629,65
1630,45
1631,40
1632,80
1633,80
1634,85
1635,20
1636,85
1637,80
1638,90
1639,25
1640,35
1641,50
1642,60
1643,60
1644,30
1645,65
1646,95
1647,60
1648,65
1649,80
1650,45
1651,90
1652,65
1653,70
1654,90
1655,90
1656,70
1657,70
1658,25
1659,35
1660,95
1661,50
1662,80
1663,55
1664,90
1665,60
1666,70
1667,60
1668,55
1669,40
1670,10
1671,70
1672,45
1673,10
1674,20
1675,85
1676,80
1677,80
1678,90
1679,45
1680,75
1681,80
1682,90
1683,80
1684,40
1685,50
1686,20
1687,45
1688,70
1689,85
1690,30
1691,70
1692,55
1693,70
1694,85
1695,55
1696,85
1697,15
1698,60
1699,65
1700,60
1701,80
1702,45
1703,85
1704,80
1705,85
1706,80
1707,55
1708,60
1709,35
1710,70
1711,60
1712,50
1713,90
1714,90
1715,60
1716,55
1717,65
1718,40
1719,90
1720,15
1721,60
1722,70
1723,75
1724,30
1725,65
1726,90
1727,85
1728,90
1729,25
1730,35
1731,45
1732,75
1733,70
1734,80
1735,90
1736,95
1737,75
1738,80
1739,-5
1740,80
1741,60
1742,90
1743,45
1744,90
1745,90
1746,65
1747,75
1748,80
1749,40
1750,85
1751,75
1752,40
1753,75
1754,90
1755,90
1756,65
1757,80
1758,85
1759,35
1760,90
1761,90
1762,80
1763,45
1764,75
1765,80
1766,70
1767,70
1768,90
1769,55
1770,75
1771,90
1772,30
1773,70
1774,85
1775,60
1776,90
1777,90
1778,85
1779,75
1780,75
1781,90
1782,75
1783,25
1784,70
1785,90
1786,90
1787,85
1788,65
1789,90
1790,90
1791,90
1792,80
1793,60
1794,90
1795,90
1796,80
1797,55
1798,75
1799,80
1800,80
1801,80
1802,65
1803,50
1804,75
1805,65
1806,80
1807,45
1808,75
1809,70
1810,35
1811,70
1812,55
1813,65
1814,50
1815,85
1816,65
1817,90
1818,-10
1819,55
1820,25
1821,70
1822,70
1823,15
1824,65
1825,80
1826,50
1827,65
1828,60
1829,65
1830,75
1831,5
1832,85
1833,70
1834,90
1835,65
1836,60
1837,50
1838,80
1839,65
1840,55
1841,60
1842,45
1843,90
1844,75
1845,75
1846,70
1847,75
1848,95
1849,65
1850,75
1851,60
1852,30
1853,75
1854,60
1855,70
1856,35
1857,50
1858,90
1859,90
1860,70
1861,40
1862,40
1863,90
1864,75
1865,50
1866,25
1867,90
1868,90
1869,30
1870,60
1871,70
1872,70
1873,90
1874,50
1875,80
1876,70
1877,85
1878,70
1879,85
1880,70
1881,85
1882,60
1883,50
1884,85
1885,70
1886,60
1887,70
1888,50
1889,65
1890,30
1891,90
1892,70
1893,65
1894,40
1895,55
1896,90
1897,65
1898,75
1899,90
1900,60
1901,60
1902,90
1903,95
1904,70
1905,70
1906,50
1907,80
1908,70
1909,75
1910,40
1911,90
1912,70
1913,90
1914,35
1915,40
1916,-25
1917,90
1918,90
1919,95
1920,60
1921,30
1922,80
1923,95
1924,65
1925,55
1926,45
1927,80
1928,40
1929,35
1930,55
1931,65
1932,65
1933,90
1934,70
1935,90
1936,30
1937,55
1938,60
1939,90
1940,30
1941,65
1942,55
1943,55
1944,70
1945,40
1946,70
1947,40
1948,75
1949,40
1950,80
1951,70
1952,75
1953,55
1954,90
1955,70
1956,90
1957,90
1958,5
1959,85
1960,45
1961,80
1962,45
1963,75
1964,5
1965,80
1966,90
1967,75
1968,90
1969,90
1970,90
1971,45
1972,95
1973,40
1974,85
1975,75
1976,80
1977,75
1978,60
1979,60
1980,80
1981,70
1982,80
1983,40
1984,30
1985,70
1986,90
1987,50
1988,75
1989,80
1990,90
1991,90
1992,65
1993,85
1994,75
1995,90
1996,55
1997,90
1998,85
1999,90
2000,95
2001,35
2002,70
2003,75
2004,0
2005,70
2006,90
2007,80
2008,90
2009,55
2010,95
2011,80
2012,55
2013,80
2014,85
2015,80
2016,75
2017,45
2018,75
2019,90
2020,75
2021,65
2022,85
2023,90
2024,65
2025,90
2026,55
2027,60
2028,40
2029,70
2030,60
2031,65
2032,90
2033,30
2034,85
2035,90
2036,40
2037,55
2038,70
2039,55
2040,45
2041,50
2042,70
2043,95
2044,90
2045,40
2046,50
2047,80
2048,90
2049,45
2050,65
2051,50
2052,55
2053,80
2054,25
2055,85
2056,30
2057,70
2058,50
2059,40
2060,90
2061,75
2062,70
2063,80
2064,35
2065,95
2066,80
2067,60
2068,80
2069,55
2070,75
2071,70
2072,75
2073,50
2074,55
2075,15
2076,35
2077,95
2078,30
2079,50
2080,50
2081,70
2082,65
2083,40
2084,95
2085,90
2086,75
2087,80
2088,75
2089,75
2090,70
2091,60
2092,90
2093,65
2094,85
2095,45
2096,60
2097,80
2098,5
2099,50
2100,85
2101,90
2102,55
2103,80
2104,5
2105,65
2106,90
2107,70
2108,75
2109,60
2110,50
2111,90
2112,75
2113,65
2114,90
2115,95
2116,50
2117,30
2118,75
2119,30
2120,50
2121,90
2122,65
2123,80
2124,35
2125,65
2126,65
2127,90
2128,85
2129,75
2130,90
2131,65
2132,75
2133,20
2134,60
2135,75
2136,20
2137,90
2138,90
2139,70
2140,85
2141,80
2142,85
2143,60
2144,95
2145,65
2146,80
2147,40
2148,85
2149,90
2150,90
2151,60
2152,70
2153,60
2154,10
2155,65
2156,75
2157,70
2158,80
2159,80
2160,60
2161,65
2162,35
2163,60
2164,80
2165,90
2166,30
2167,20
2168,50
2169,90
2170,50
2171,70
2172,90
2173,45
2174,65
2175,75
2176,90
2177,50
2178,75
2179,40
2180,75
2181,45
2182,60
2183,90
2184,35
2185,65
2186,45
2187,90
2188,90
2189,75
2190,40
2191,65
2192,55
2193,75
2194,60
2195,75
2196,55
2197,45
2198,90
2199,20
2200,70
2201,90
2202,95
2203,30
2204,45
2205,90
2206,40
2207,80
2208,75
2209,85
2210,25
2211,80
2212,10
2213,15
2214,35
2215,45
2216,85
2217,80
2218,0
2219,60
2220,40
2221,70
2222,20
2223,55
2224,90
2225,90
2226,30
2227,65
2228,90
2229,65
2230,90
2231,85
2232,40
2233,0
2234,45
2235,70
2236,55
2237,90
2238,65
2239,35
2240,75
2241,25
2242,85
2243,90
2244,85
2245,85
2246,50
2247,90
2248,50
2249,50
2250,-15
2251,75
2252,90
2253,70
2254,80
2255,30
2256,90
2257,95
2258,70
2259,80
2260,80
2261,90
2262,65
2263,80
2264,65
2265,90
2266,45
2267,55
2268,85
2269,95
2270,65
2271,90
2272,50
2273,80
2274,80
2275,60
2276,80
2277,0
2278,40
2279,80
2280,5
2281,80
2282,90
2283,35
2284,80
2285,75
2286,85
2287,50
2288,60
2289,45
2290,75
2291,60
2292,75
2293,90
2294,65
2295,55
2296,80
2297,65
2298,60
2299,65
2300,80
2301,30
2302,95
2303,55
2304,35
2305,40
2306,90
2307,90
2308,70
2309,75
2310,70
2311,85
2312,85
2313,50
2314,85
2315,90
2316,60
2317,45
2318,60
2319,40
2320,75
2321,65
2322,15
2323,90
2324,20
2325,70
2326,20
2327,70
2328,75
2329,75
2330,25
2331,50
2332,90
2333,75
2334,60
2335,65
2336,90
2337,35
2338,85
2339,70
2340,85
2341,40
2342,80
2343,50
2344,65
2345,0
2346,90
2347,45
2348,75
2349,20
2350,80
2351,35
2352,15
2353,55
2354,50
2355,95
2356,80
2357,45
2358,25
2359,70
2360,40
2361,25
2362,90
2363,80
2364,45
2365,45
2366,15
2367,60
2368,25
2369,90
2370,60
2371,95
2372,85
2373,60
2374,55
2375,95
2376,70
2377,15
2378,60
2379,85
2380,40
2381,80
2382,75
2383,70
2384,-5
2385,45
2386,-20
2387,25
2388,90
2389,45
2390,75
2391,60
2392,70
2393,55
2394,75
2395,80
2396,95
2397,70
2398,55
2399,90
2400,60
2401,90
2402,90
2403,45
2404,95
2405,35
2406,75
2407,80
2408,45
2409,50
2410,90
2411,70
2412,25
2413,75
2414,75
2415,90
2416,90
2417,85
2418,65
2419,60
2420,85
2421,75
2422,80
2423,65
2424,30
2425,90
2426,65
2427,30
2428,75
2429,90
2430,70
2431,60
2432,75
2433,75
2434,70
2435,90
2436,65
2437,75
2438,50
2439,80
2440,90
2441,80
2442,90
2443,75
2444,80
2445,65
2446,75
2447,90
2448,45
2449,65
2450,80
2451,60
2452,90
2453,55
2454,80
2455,65
2456,65
2457,75
2458,70
2459,65
2460,15
2461,85
2462,20
2463,35
2464,65
2465,75
2466,60
2467,95
2468,90
2469,80
2470,90
2471,90
2472,70
2473,80
2474,70
2475,85
2476,95
2477,50
2478,50
2479,75
2480,90
2481,90
2482,90
2483,40
2484,70
2485,80
2486,75
2487,5
2488,55
2489,55
2490,75
2491,50
2492,85
2493,55
2494,35
2495,80
2496,70
2497,75
2498,90
2499,55
2500,65
2501,70
2502,60
2503,55
2504,80
2505,95
2506,85
2507,65
2508,45
2509,65
2510,65
2511,60
2512,40
2513,80
2514,35
2515,50
2516,75
2517,80
2518,20
2519,70
2520,55
2521,60
2522,85
2523,95
2524,40
2525,50
2526,65
2527,55
2528,85
2529,65
2530,70
2531,50
2532,55
2533,60
2534,80
2535,65
2536,95
2537,55
2538,20
2539,70
2540,70
2541,80
2542,45
2543,80
2544,60
2545,55
2546,35
2547,60
2548,75
2549,80
2550,30
2551,90
2552,90
2553,45
2554,60
2555,75
2556,55
2557,75
2558,30
2559,80
2560,90
2561,60
2562,35
2563,85
2564,90
2565,25
2566,50
2567,35
2568,60
2569,75
2570,50
2571,50
2572,55
2573,55
2574,90
2575,65
2576,50
2577,70
2578,45
2579,85
2580,40
2581,80
2582,70
2583,-5
2584,95
2585,85
2586,45
2587,35
2588,65
2589,70
2590,55
2591,80
2592,75
2593,55
2594,55
2595,70
2596,85
2597,75
2598,85
2599,55
2600,80
2601,90
2602,15
2603,65
2604,75
2605,40
2606,45
2607,95
2608,90
2609,80
2610,35
2611,45
2612,20
2613,50
2614,65
2615,70
2616,55
2617,90
2618,25
2619,55
2620,65
2621,90
2622,50
2623,80
2624,50
2625,65
2626,45
2627,35
2628,50
2629,60
2630,15
2631,90
2632,70
2633,90
2634,80
2635,65
2636,50
2637,80
2638,90
2639,65
2640,35
2641,40
2642,70
2643,20
2644,90
2645,20
2646,95
2647,90
2648,70
2649,95
2650,85
2651,90
2652,70
2653,85
2654,90
2655,45
2656,70
2657,70
2658,30
2659,30
2660,60
2661,90
2662,50
2663,90
2664,60
2665,65
2666,85
2667,35
2668,55
2669,75
2670,60
2671,55
2672,60
2673,55
2674,60
2675,35
2676,75
2677,90
2678,55
2679,80
2680,80
2681,85
2682,80
2683,70
2684,35
2685,70
2686,35
2687,85
2688,15
2689,95
2690,65
2691,45
2692,90
2693,50
2694,40
2695,90
2696,30
2697,55
2698,85
2699,40
2700,60
2701,85
2702,35
2703,40
2704,50
2705,60
2706,85
2707,70
2708,90
2709,90
2710,25
2711,65
2712,10
2713,90
2714,55
2715,45
2716,90
2717,90
2718,55
2719,75
2720,90
2721,75
2722,95
2723,55
2724,70
2725,60
2726,55
2727,75
2728,15
2729,75
2730,70
2731,50
2732,50
2733,90
2734,55
2735,65
2736,90
2737,65
2738,90
2739,60
2740,80
2741,55
2742,75
2743,85
2744,50
2745,75
2746,45
2747,95
2748,60
2749,75
2750,90
2751,55
2752,65
2753,55
2754,65
2755,80
2756,85
2757,65
2758,40
2759,80
2760,55
2761,65
2762,45
2763,40
2764,40
2765,75
2766,60
2767,70
2768,85
2769,25
2770,80
2771,60
2772,85
2773,50
2774,75
2775,55
2776,95
2777,75
2778,40
2779,60
2780,80
2781,95
2782,75
2783,60
2784,65
2785,60
2786,50
2787,60
2788,60
2789,40
2790,40
2791,90
2792,70
2793,75
2794,90
2795,85
2796,90
2797,90
2798,90
2799,90
2800,85
2801,60
2802,85
2803,95
2804,65
2805,70
2806,40
2807,90
2808,60
2809,40
2810,55
2811,60
2812,55
2813,30
2814,20
2815,85
2816,65
2817,75
2818,45
2819,45
2820,90
2821,85
2822,80
2823,90
2824,80
2825,60
2826,75
2827,60
2828,85
2829,75
2830,95
2831,70
2832,90
2833,75
2834,35
2835,80
2836,60
2837,80
2838,95
2839,60
2840,65
2841,90
2842,60
2843,95
2844,80
2845,15
2846,80
2847,80
2848,60
2849,15
2850,70
2851,80
2852,80
2853,50
2854,80
2855,75
2856,20
2857,90
2858,75
2859,80
2860,65
2861,55
2862,55
2863,40
2864,85
2865,60
2866,10
2867,85
2868,75
2869,65
2870,80
2871,65
2872,90
2873,60
2874,90
2875,80
2876,65
2877,95
2878,75
2879,60
2880,70
2881,10
2882,90
2883,60
2884,70
2885,40
2886,70
2887,20
2888,90
2889,30
2890,90
2891,75
2892,90
2893,35
2894,50
2895,90
2896,65
2897,70
2898,80
2899,70
2900,30
2901,40
2902,90
2903,75
2904,50
2905,90
2906,35
2907,55
2908,60
2909,80
2910,60
2911,45
2912,75
2913,65
2914,75
2915,90
2916,25
2917,60
2918,60
2919,90
2920,75
2921,80
2922,50
2923,80
2924,60
2925,65
2926,55
2927,80
2928,70
2929,20
2930,80
2931,80
2932,75
2933,35
2934,50
2935,95
2936,15
2937,75
2938,75
2939,70
2940,35
2941,35
2942,90
2943,80
2944,60
2945,60
2946,90
2947,80
2948,35
2949,75
2950,30
2951,50
2952,90
2953,45
2954,55
2955,40
2956,85
2957,65
2958,90
2959,70
2960,70
2961,90
2962,90
2963,85
2964,80
2965,15
2966,90
2967,85
2968,70
2969,60
2970,75
2971,60
2972,10
2973,45
2974,70
2975,70
2976,60
2977,60
2978,90
2979,50
2980,65
2981,70
2982,50
2983,90
2984,35
2985,80
2986,75
2987,65
2988,75
2989,70
2990,85
2991,50
2992,70
2993,80
2994,60
2995,90
2996,25
2997,35
2998,85
2999,60
3000,65
3001,90
3002,60
3003,55
3004,85
3005,90
3006,50
3007,60
3008,55
3009,10
3010,55
3011,55
3012,80
3013,75
3014,30
3015,45
3016,90
3017,70
3018,45
3019,80
3020,75
3021,60
3022,35
3023,75
3024,90
3025,90
3026,40
3027,20
3028,45
3029,80
3030,80
3031,75
3032,45
3033,70
3034,60
3035,70
3036,40
3037,90
3038,40
3039,55
3040,25
3041,90
3042,95
3043,45
3044,85
3045,90
3046,60
3047,55
3048,70
3049,70
3050,80
3051,95
3052,65
3053,-20
3054,85
3055,55
3056,90
3057,40
3058,80
3059,40
3060,70
3061,80
3062,50
3063,85
3064,65
3065,65
3066,85
3067,65
3068,60
3069,60
3070,35
3071,75
3072,95
3073,65
3074,75
3075,75
3076,55
3077,90
3078,50
3079,65
3080,50
3081,70
3082,65
3083,40
3084,75
3085,90
3086,75
3087,70
3088,75
3089,80
3090,45
3091,50
3092,60
3093,70
3094,85
3095,80
3096,75
3097,70
3098,70
3099,40
3100,90
3101,45
3102,50
3103,45
3104,55
3105,90
3106,90
3107,40
3108,60
3109,95
3110,85
3111,70
3112,75
3113,80
3114,35
3115,75
3116,75
3117,60
3118,50
3119,85
3120,60
3121,70
3122,90
3123,40
3124,70
3125,60
3126,65
3127,90
3128,75
3129,70
3130,80
3131,20
3132,25
3133,10
3134,30
3135,60
3136,10
3137,55
3138,70
3139,45
3140,85
3141,65
3142,65
3143,55
3144,75
3145,65
3146,5
3147,65
3148,55
3149,80
3150,25
3151,45
3152,85
3153,70
3154,35
3155,-10
3156,90
3157,90
3158,10
3159,95
3160,60
3161,50
3162,80
3163,75
3164,40
3165,75
3166,90
3167,40
3168,75
3169,45
3170,30
3171,60
3172,50
3173,85
3174,85
3175,50
3176,75
3177,80
3178,25
3179,65
3180,80
3181,30
3182,50
3183,65
3184,35
3185,40
3186,95
3187,65
3188,45
3189,90
3190,40
3191,75
3192,70
3193,90
3194,95
3195,40
3196,65
3197,15
3198,60
3199,75
3200,65
3201,55
3202,40
3203,85
3204,40
3205,50
3206,85
3207,65
3208,50
3209,75
3210,35
3211,70
3212,70
3213,45
3214,90
3215,75
3216,40
3217,25
3218,70
3219,65
3220,70
3221,40
3222,45
3223,55
3224,65
3225,75
3226,35
3227,70
3228,45
3229,75
3230,35
3231,35
3232,70
3233,80
3234,60
3235,0
3236,25
3237,80
3238,85
3239,80
3240,55
3241,90
3242,85
3243,80
3244,75
3245,50
3246,30
3247,30
3248,85
3249,75
3250,95
3251,35
3252,60
3253,95
3254,90
3255,95
3256,75
3257,55
3258,65
3259,65
3260,45
3261,80
3262,90
3263,45
3264,70
3265,85
3266,25
3267,50
3268,45
3269,70
3270,65
3271,60
3272,85
3273,70
3274,90
3275,45
3276,90
3277,70
3278,30
3279,75
3280,40
3281,95
3282,85
3283,80
3284,60
3285,70
3286,75
3287,50
3288,25
3289,20
3290,75
3291,75
3292,90
3293,65
3294,90
3295,50
3296,80
3297,90
3298,65
3299,55
3300,65
3301,50
3302,90
3303,55
3304,65
3305,75
3306,70
3307,70
3308,90
3309,35
3310,95
3311,60
3312,85
3313,75
3314,50
3315,45
3316,75
3317,35
3318,70
3319,80
3320,75
3321,60
3322,30
3323,65
3324,90
3325,80
3326,15
3327,75
3328,90
3329,70
3330,90
3331,75
3332,90
3333,80
3334,70
3335,80
3336,80
3337,15
3338,90
3339,70
3340,90
3341,40
3342,80
3343,75
3344,55
3345,20
3346,45
3347,85
3348,90
3349,90
3350,75
3351,70
3352,25
3353,55
3354,90
3355,90
3356,90
3357,75
3358,65
3359,70
3360,75
3361,55
3362,90
3363,90
3364,35
3365,75
3366,65
3367,65
3368,70
3369,50
3370,90
3371,80
3372,80
3373,80
3374,50
3375,50
3376,65
3377,90
3378,75
3379,70
3380,55
3381,65
3382,65
3383,75
3384,80
3385,70
3386,90
3387,80
3388,45
3389,70
3390,85
3391,15
3392,70
3393,50
3394,65
3395,35
3396,40
3397,65
3398,75
3399,40
3400,35
3401,50
3402,60
3403,50
3404,40
3405,65
3406,85
3407,65
3408,95
3409,50
3410,80
3411,90
3412,65
3413,80
3414,65
3415,80
3416,75
3417,35
3418,90
3419,60
3420,75
3421,65
3422,60
3423,80
3424,70
3425,5
3426,70
3427,85
3428,55
3429,85
3430,30
3431,35
3432,80
3433,55
3434,55
3435,85
3436,55
3437,40
3438,75
3439,30
3440,60
3441,90
3442,50
3443,75
3444,85
3445,65
3446,80
3447,20
3448,95
3449,70
3450,35
3451,65
3452,65
3453,30
3454,50
3455,65
3456,35
3457,65
3458,30
3459,90
3460,75
3461,80
3462,75
3463,90
3464,55
3465,85
3466,45
3467,60
3468,75
3469,75
3470,70
3471,40
3472,60
3473,10
3474,75
3475,70
3476,65
3477,90
3478,75
3479,90
3480,75
3481,55
3482,30
3483,90
3484,10
3485,90
3486,90
3487,55
3488,60
3489,85
3490,70
3491,85
3492,65
3493,60
3494,80
3495,65
3496,70
3497,55
3498,90
3499,85
3500,55
3501,50
3502,60
3503,60
3504,50
3505,90
3506,70
3507,80
3508,65
3509,25
3510,70
3511,90
3512,80
3513,50
3514,90
3515,30
3516,60
3517,55
3518,65
3519,50
3520,90
3521,35
3522,70
3523,85
3524,90
3525,95
3526,45
3527,75
3528,75
3529,90
3530,75
3531,80
3532,50
3533,50
3534,60
3535,90
3536,65
3537,55
3538,75
3539,70
3540,45
3541,40
3542,60
3543,40
3544,10
3545,60
3546,80
3547,45
3548,95
3549,90
3550,65
3551,75
3552,70
3553,95
3554,70
3555,75
3556,90
3557,75
3558,60
3559,60
3560,40
3561,65
3562,65
3563,75
3564,60
3565,75
3566,65
3567,60
3568,90
3569,65
3570,85
3571,85
3572,90
3573,55
3574,20
3575,30
3576,90
3577,90
3578,45
3579,90
3580,70
3581,0
3582,40
3583,80
3584,60
3585,15
3586,65
3587,80
3588,50
3589,60
3590,75
3591,70
3592,75
3593,35
3594,50
3595,70
3596,30
3597,80
3598,70
3599,50
3600,90
3601,20
3602,65
3603,40
3604,75
3605,65
3606,75
3607,45
3608,85
3609,70
3610,65
3611,70
3612,65
3613,40
3614,90
3615,80
3616,50
3617,50
3618,-5
3619,90
3620,60
3621,55
3622,40
3623,80
3624,85
3625,90
3626,90
3627,50
3628,90
3629,80
3630,80
3631,80
3632,90
3633,70
3634,80
3635,55
3636,65
3637,75
3638,35
3639,60
3640,90
3641,65
3642,95
3643,50
3644,60
3645,85
3646,60
3647,55
3648,75
3649,70
3650,90
3651,80
3652,30
3653,65
3654,90
3655,90
3656,60
3657,75
3658,65
3659,60
3660,75
3661,80
3662,60
3663,40
3664,90
3665,75
3666,55
3667,80
3668,90
3669,15
3670,75
3671,85
3672,65
3673,95
3674,95
3675,90
3676,25
3677,55
3678,50
3679,85
3680,35
3681,65
3682,75
3683,40
3684,95
3685,55
3686,70
3687,70
3688,45
3689,50
3690,25
3691,30
3692,70
3693,50
3694,65
3695,60
3696,15
3697,70
3698,90
3699,90
3700,60
3701,60
3702,80
3703,65
3704,25
3705,75
3706,90
3707,60
3708,35
3709,80
3710,50
3711,60
3712,80
3713,55
3714,75
3715,60
3716,40
3717,80
3718,90
3719,60
3720,80
3721,20
3722,70
3723,70
3724,60
3725,65
3726,90
3727,50
3728,60
3729,90
3730,55
3731,60
3732,55
3733,90
3734,-5
3735,30
3736,75
3737,75
3738,35
3739,65
3740,70
3741,75
3742,70
3743,85
3744,80
3745,65
3746,90
3747,75
3748,80
3749,45
3750,10
3751,50
3752,85
3753,40
3754,55
3755,80
3756,55
3757,65
3758,35
3759,85
3760,80
3761,65
3762,80
3763,85
3764,75
3765,45
3766,75
3767,90
3768,90
3769,65
3770,15
3771,90
3772,30
3773,90
3774,60
3775,80
3776,60
3777,85
3778,85
3779,65
3780,75
3781,70
3782,65
3783,90
3784,40
3785,80
3786,75
3787,75
3788,40
3789,80
3790,60
3791,35
3792,90
3793,60
3794,95
3795,90
3796,65
3797,35
3798,35
3799,85
3800,75
3801,-25
3802,85
3803,80
3804,80
3805,85
3806,80
3807,85
3808,75
3809,35
3810,40
3811,65
3812,60
3813,80
3814,90
3815,65
3816,80
3817,55
3818,60
3819,45
3820,75
3821,70
3822,55
3823,90
3824,55
3825,85
3826,60
3827,50
3828,70
3829,90
3830,55
3831,40
3832,70
3833,80
3834,50
3835,85
3836,40
3837,90
3838,30
3839,60
3840,60
3841,65
3842,90
3843,65
3844,75
3845,60
3846,90
3847,45
3848,85
3849,95
3850,30
3851,30
3852,15
3853,55
3854,65
3855,40
3856,70
3857,70
3858,65
3859,20
3860,80
3861,65
3862,80
3863,65
3864,50
3865,15
3866,50
3867,60
3868,90
3869,30
3870,55
3871,50
3872,65
3873,65
3874,75
3875,70
3876,80
3877,60
3878,60
3879,80
3880,45
3881,35
3882,75
3883,50
3884,45
3885,40
3886,45
3887,80
3888,20
3889,55
3890,60
3891,60
3892,65
3893,85
3894,35
3895,90
3896,90
3897,75
3898,90
3899,80
3900,70
3901,45
3902,50
3903,45
3904,20
3905,65
3906,90
3907,65
3908,60
3909,80
3910,80
3911,90
3912,65
3913,55
3914,55
3915,50
3916,60
3917,90
3918,40
3919,65
3920,30
3921,90
3922,35
3923,90
3924,80
3925,30
3926,50
3927,70
3928,55
3929,80
3930,65
3931,15
3932,60
3933,55
3934,65
3935,55
3936,90
3937,65
3938,45
3939,90
3940,15
3941,65
3942,55
3943,70
3944,65
3945,60
3946,85
3947,90
3948,90
3949,90
3950,65
3951,90
3952,65
3953,65
3954,40
3955,80
3956,70
3957,75
3958,70
3959,85
3960,60
3961,80
3962,55
3963,85
3964,55
3965,40
3966,60
3967,80
3968,40
3969,90
3970,75
3971,80
3972,90
3973,60
3974,60
3975,65
3976,70
3977,35
3978,85
3979,45
3980,45
3981,80
3982,40
3983,30
3984,80
3985,25
3986,75
3987,25
3988,30
3989,80
3990,90
3991,65
3992,50
3993,75
3994,90
3995,20
3996,50
3997,70
3998,80
3999,75
4000,90
4001,65
4002,80
4003,80
4004,55
4005,30
4006,70
4007,85
4008,0
4009,90
4010,60
4011,75
4012,60
4013,90
4014,50
4015,85
4016,65
4017,80
4018,70
4019,75
4020,80
4021,60
4022,80
4023,0
4024,45
4025,90
4026,55
4027,30
4028,75
4029,90
4030,75
4031,60
4032,60
4033,35
4034,70
4035,55
4036,60
4037,95
4038,70
4039,85
4040,60
4041,-5
4042,85
4043,85
4044,70
4045,40
4046,75
4047,60
4048,50
4049,65
4050,50
4051,70
4052,80
4053,20
4054,65
4055,80
4056,65
4057,55
4058,10
4059,65
4060,95
4061,65
4062,15
4063,65
4064,20
4065,-20
4066,60
4067,80
4068,75
4069,75
4070,20
4071,55
4072,90
4073,70
4074,40
4075,20
4076,35
4077,85
4078,35
4079,80
4080,70
4081,60
4082,55
4083,55
4084,90
4085,65
4086,95
4087,85
4088,90
4089,80
4090,40
4091,85
4092,20
4093,75
4094,75
4095,90
4096,70
4097,65
4098,45
4099,90
4100,90
4101,40
4102,80
4103,25
4104,10
4105,60
4106,65
4107,65
4108,75
4109,60
4110,70
4111,80
4112,75
4113,90
4114,75
4115,60
4116,40
4117,60
4118,40
4119,85
4120,90
4121,30
4122,80
4123,65
4124,85
4125,65
4126,70
4127,90
4128,90
4129,75
4130,20
4131,90
4132,90
4133,65
4134,65
4135,65
4136,60
4137,85
4138,90
4139,70
4140,90
4141,60
4142,75
4143,60
4144,70
4145,90
4146,80
4147,90
4148,90
4149,45
4150,90
4151,55
4152,80
4153,85
4154,90
4155,80
4156,70
4157,90
4158,80
4159,55
4160,60
4161,95
4162,85
4163,75
4164,20
4165,35
4166,80
4167,60
4168,95
4169,50
4170,75
4171,60
4172,60
4173,55
4174,55
4175,25
4176,60
4177,70
4178,90
4179,70
4180,25
4181,35
4182,50
4183,75
4184,95
4185,50
4186,60
4187,90
4188,50
4189,90
4190,75
4191,55
4192,15
4193,65
4194,80
4195,90
4196,75
4197,35
4198,40
4199,65
4200,80
4201,75
4202,80
4203,85
4204,70
4205,75
4206,65
4207,70
4208,75
4209,80
4210,60
4211,95
4212,65
4213,80
4214,75
4215,80
4216,55
4217,75
4218,35
4219,75
4220,65
4221,35
4222,50
4223,90
4224,65
4225,40
4226,90
4227,85
4228,90
4229,5
4230,35
4231,25
4232,90
4233,60
4234,45
4235,90
4236,60
4237,65
4238,85
4239,40
4240,40
4241,95
4242,65
4243,15
4244,40
4245,75
4246,90
4247,45
4248,85
4249,40
4250,55
4251,5
4252,80
4253,45
4254,70
4255,50
4256,45
4257,70
4258,80
4259,85
4260,65
4261,55
4262,35
4263,75
4264,40
4265,75
4266,15
4267,90
4268,60
4269,60
4270,65
4271,75
4272,90
4273,90
4274,60
4275,20
4276,45
4277,35
4278,70
4279,55
4280,95
4281,80
4282,70
4283,70
4284,90
4285,80
4286,75
4287,85
4288,70
4289,5
4290,25
4291,55
4292,80
4293,55
4294,40
4295,80
4296,80
4297,70
4298,80
4299,60
4300,90
4301,75
4302,95
4303,60
4304,65
4305,60
4306,75
4307,65
4308,75
4309,75
4310,75
4311,65
4312,90
4313,65
4314,55
4315,75
4316,80
4317,70
4318,45
4319,55
4320,80
4321,35
4322,80
4323,70
4324,10
4325,45
4326,40
4327,35
4328,65
4329,45
4330,60
4331,80
4332,25
4333,75
4334,65
4335,90
4336,80
4337,35
4338,70
4339,40
4340,0
4341,65
4342,90
4343,70
4344,65
4345,90
4346,90
4347,50
4348,20
4349,50
4350,70
4351,75
4352,70
4353,75
4354,90
4355,90
4356,40
4357,60
4358,60
4359,25
4360,75
4361,65
4362,70
4363,35
4364,35
4365,80
4366,70
4367,30
4368,90
4369,40
4370,45
4371,30
4372,40
4373,80
4374,75
4375,70
4376,65
4377,70
4378,90
4379,75
4380,50
4381,75
4382,35
4383,80
4384,90
4385,95
4386,40
4387,50
4388,35
4389,40
4390,50
4391,90
4392,90
4393,80
4394,65
4395,90
4396,65
4397,75
4398,70
4399,70
4400,75
4401,30
4402,50
4403,75
4404,75
4405,45
4406,90
4407,90
4408,75
4409,85
4410,45
4411,65
4412,90
4413,80
4414,50
4415,85
4416,80
4417,80
4418,90
4419,85
4420,65
4421,90
4422,80
4423,90
4424,45
4425,65
4426,50
4427,55
4428,50
4429,55
4430,55
4431,85
4432,55
4433,25
4434,70
4435,65
4436,50
4437,75
4438,90
4439,30
4440,90
4441,25
4442,80
4443,55
4444,55
4445,45
4446,90
4447,70
4448,65
4449,65
4450,35
4451,80
4452,75
4453,65
4454,90
4455,85
4456,70
4457,95
4458,90
4459,60
4460,15
4461,65
4462,80
4463,75
4464,95
4465,0
4466,40
4467,30
4468,90
4469,60
4470,55
4471,25
4472,55
4473,55
4474,45
4475,90
4476,60
4477,70
4478,80
4479,80
4480,65
4481,85
4482,45
4483,60
4484,85
4485,75
4486,70
4487,55
4488,60
4489,30
4490,35
4491,80
4492,55
4493,75
4494,90
4495,80
4496,75
4497,20
4498,30
4499,15
4500,65
4501,90
4502,30
4503,80
4504,70
4505,55
4506,65
4507,80
4508,70
4509,20
4510,90
4511,90
4512,90
4513,60
4514,45
4515,75
4516,80
4517,80
4518,50
4519,65
4520,90
4521,70
4522,55
4523,45
4524,90
4525,65
4526,60
4527,80
4528,30
4529,55
4530,50
4531,90
4532,90
4533,15
4534,90
4535,85
4536,75
4537,80
4538,60
4539,95
4540,70
4541,75
4542,60
4543,65
4544,55
4545,75
4546,80
4547,75
4548,60
4549,75
4550,85
4551,80
4552,55
4553,95
4554,95
4555,50
4556,75
4557,75
4558,5
4559,75
4560,80
4561,65
4562,40
4563,65
4564,70
4565,85
4566,75
4567,15
4568,90
4569,55
4570,90
4571,90
4572,90
4573,20
4574,80
4575,80
4576,60
4577,65
4578,75
4579,55
4580,85
4581,65
4582,90
4583,90
4584,65
4585,90
4586,70
4587,55
4588,50
4589,75
4590,50
4591,75
4592,90
4593,80
4594,60
4595,70
4596,50
4597,95
4598,70
4599,40
4600,55
4601,65
4602,55
4603,75
4604,60
4605,35
4606,80
4607,75
4608,65
4609,80
4610,80
4611,65
4612,40
4613,60
4614,80
4615,70
4616,80
4617,45
4618,90
4619,55
4620,80
4621,80
4622,20
4623,80
4624,5
4625,55
4626,75
4627,40
4628,80
4629,90
4630,90
4631,50
4632,75
4633,80
4634,60
4635,95
4636,85
4637,40
4638,75
4639,60
4640,95
4641,40
4642,80
4643,95
4644,50
4645,80
4646,80
4647,70
4648,25
4649,55
4650,90
4651,65
4652,90
4653,80
4654,65
4655,90
4656,40
4657,35
4658,90
4659,90
4660,65
4661,55
4662,75
4663,60
4664,50
4665,25
4666,90
4667,45
4668,55
4669,75
4670,90
4671,90
4672,75
4673,55
4674,80
4675,70
4676,85
4677,40
4678,80
4679,95
4680,90
4681,75
4682,80
4683,65
4684,70
4685,90
4686,90
4687,90
4688,20
4689,90
4690,55
4691,65
4692,60
4693,50
4694,90
4695,20
4696,35
4697,35
4698,25
4699,-10
4700,75
4701,75
4702,50
4703,60
4704,85
4705,90
4706,55
4707,90
4708,55
4709,55
4710,35
4711,40
4712,75
4713,60
4714,90
4715,60
4716,75
4717,90
4718,90
4719,20
4720,55
4721,40
4722,80
4723,55
4724,80
4725,70
4726,25
4727,85
4728,20
4729,80
4730,80
4731,45
4732,25
4733,65
4734,95
4735,75
4736,75
4737,50
4738,40
4739,75
4740,65
4741,90
4742,90
4743,60
4744,90
4745,45
4746,0
4747,65
4748,80
4749,30
4750,80
4751,65
4752,75
4753,55
4754,40
4755,80
4756,70
4757,20
4758,75
4759,35
4760,50
4761,55
4762,70
4763,75
4764,85
4765,60
4766,85
4767,75
4768,70
4769,25
4770,45
4771,75
4772,90
4773,70
4774,65
4775,75
4776,95
4777,95
4778,90
4779,60
4780,90
4781,80
4782,65
4783,60
4784,95
4785,80
4786,90
4787,55
4788,45
4789,80
4790,75
4791,70
4792,90
4793,85
4794,90
4795,55
4796,55
4797,55
4798,95
4799,90
4800,75
4801,35
4802,50
4803,-20
4804,90
4805,50
4806,75
4807,70
4808,10
4809,75
4810,70
4811,90
4812,75
4813,75
4814,95
4815,90
4816,85
4817,90
4818,75
4819,90
4820,90
4821,65
4822,60
4823,45
4824,75
4825,90
4826,90
4827,80
4828,45
4829,90
4830,60
4831,85
4832,35
4833,25
4834,55
4835,50
4836,45
4837,55
4838,70
4839,65
4840,85
4841,10
4842,80
4843,75
4844,65
4845,80
4846,50
4847,10
4848,95
4849,40
4850,95
4851,75
4852,-5
4853,90
4854,55
4855,55
4856,20
4857,90
4858,80
4859,90
4860,85
4861,85
4862,30
4863,90
4864,80
4865,80
4866,75
4867,95
4868,85
4869,30
4870,85
4871,80
4872,90
4873,75
4874,75
4875,60
4876,75
4877,90
4878,60
4879,15
4880,70
4881,75
4882,65
4883,60
4884,25
4885,90
4886,25
4887,70
4888,70
4889,75
4890,75
4891,65
4892,65
4893,45
4894,85
4895,-5
4896,80
4897,80
4898,45
4899,70
4900,65
4901,70
4902,40
4903,75
4904,70
4905,55
4906,85
4907,80
4908,50
4909,60
4910,80
4911,75
4912,55
4913,85
4914,75
4915,45
4916,90
4917,75
4918,55
4919,40
4920,70
4921,55
4922,75
4923,90
4924,70
4925,-5
4926,65
4927,50
4928,75
4929,70
4930,55
4931,70
4932,10
4933,50
4934,45
4935,70
4936,90
4937,50
4938,90
4939,30
4940,70
4941,25
4942,70
4943,50
4944,80
4945,60
4946,60
4947,60
4948,65
4949,50
4950,65
4951,60
4952,90
4953,70
4954,75
4955,85
4956,35
4957,60
4958,85
4959,75
4960,45
4961,90
4962,80
4963,25
4964,85
4965,70
4966,90
4967,75
4968,85
4969,40
4970,80
4971,90
4972,55
4973,55
4974,90
4975,90
4976,60
4977,40
4978,75
4979,60
4980,35
4981,75
4982,55
4983,35
4984,70
4985,70
4986,60
4987,55
4988,60
4989,90
4990,90
4991,30
4992,70
4993,75
4994,45
4995,75
4996,45
4997,65
4998,80
4999,80
5000,75
5001,45
5002,60
5003,15
5004,65
5005,85
5006,10
5007,65
5008,50
5009,70
5010,45
5011,80
5012,80
5013,45
5014,80
5015,60
5016,75
5017,45
5018,70
5019,90
5020,55
5021,60
5022,75
5023,80
5024,90
5025,50
5026,50
5027,80
5028,60
5029,65
5030,85
5031,70
5032,85
5033,45
5034,90
5035,60
5036,95
5037,25
5038,65
5039,35
5040,90
5041,90
5042,-10
5043,70
5044,70
5045,50
5046,55
5047,30
5048,65
5049,75
5050,80
5051,20
5052,5
5053,95
5054,35
5055,75
5056,50
5057,85
5058,60
5059,60
5060,55
5061,25
5062,90
5063,95
5064,45
5065,20
5066,0
5067,55
5068,90
5069,85
5070,60
5071,75
5072,90
5073,75
5074,60
5075,60
5076,60
5077,75
5078,70
5079,80
5080,75
5081,70
5082,80
5083,90
5084,35
5085,30
5086,75
5087,85
5088,45
5089,65
5090,55
5091,65
5092,90
5093,30
5094,35
5095,80
5096,90
5097,90
5098,95
5099,90
5100,75
5101,55
5102,90
5103,65
5104,40
5105,90
5106,80
5107,60
5108,45
5109,90
5110,70
5111,85
5112,95
5113,50
5114,65
5115,15
5116,85
5117,75
5118,75
5119,60
5120,65
5121,65
5122,80
5123,70
5124,30
5125,90
5126,90
5127,55
5128,65
5129,80
5130,90
5131,80
5132,30
5133,40
5134,55
5135,65
5136,40
5137,70
5138,70
5139,75
5140,20
5141,90
5142,60
5143,75
5144,70
5145,75
5146,55
5147,90
5148,90
5149,-10
5150,75
5151,50
5152,90
5153,90
5154,60
5155,90
5156,90
5157,45
5158,90
5159,65
5160,45
5161,90
5162,45
5163,80
5164,75
5165,90
5166,60
5167,30
5168,90
5169,60
5170,40
5171,55
5172,75
5173,80
5174,80
5175,20
5176,65
5177,70
5178,75
5179,70
5180,70
5181,55
5182,80
5183,65
5184,70
5185,50
5186,60
5187,80
5188,60
5189,85
5190,80
5191,90
5192,85
5193,90
5194,90
5195,85
5196,65
5197,80
5198,85
5199,75
5200,50
5201,60
5202,65
5203,75
5204,50
5205,90
5206,95
5207,75
5208,60
5209,80
5210,85
5211,75
5212,60
5213,45
5214,70
5215,-5
5216,55
5217,70
5218,90
5219,90
5220,65
5221,90
5222,65
5223,85
5224,90
5225,90
5226,5
5227,85
5228,70
5229,80
5230,90
5231,85
5232,65
5233,75
5234,60
5235,90
5236,70
5237,95
5238,30
5239,55
5240,50
5241,60
5242,80
5243,15
5244,85
5245,80
5246,35
5247,40
5248,-20
5249,75
5250,25
5251,70
5252,75
5253,70
5254,70
5255,65
5256,70
5257,30
5258,30
5259,45
5260,65
5261,80
5262,60
5263,90
5264,65
5265,65
5266,90
5267,90
5268,30
5269,-25
5270,70
5271,90
5272,65
5273,95
5274,40
5275,30
5276,35
5277,50
5278,90
5279,55
5280,55
5281,90
5282,65
5283,95
5284,60
5285,70
5286,75
5287,75
5288,85
5289,85
5290,70
5291,75
5292,60
5293,80
5294,90
5295,90
5296,90
5297,85
5298,60
5299,65
5300,70
5301,80
5302,70
5303,80
5304,45
5305,85
5306,85
5307,65
5308,95
5309,65
5310,75
5311,75
5312,80
5313,60
5314,0
5315,95
5316,45
5317,65
5318,90
5319,75
5320,-20
5321,30
5322,45
5323,65
5324,25
5325,30
5326,90
5327,80
5328,25
5329,75
5330,0
5331,70
5332,80
5333,85
5334,75
5335,0
5336,90
5337,75
5338,75
5339,50
5340,25
5341,55
5342,65
5343,75
5344,50
5345,65
5346,80
5347,90
5348,45
5349,20
5350,70
5351,45
5352,55
5353,35
5354,35
5355,80
5356,35
5357,65
5358,90
5359,60
5360,60
5361,40
5362,60
5363,90
5364,70
5365,70
5366,85
5367,65
5368,50
5369,70
5370,55
5371,80
5372,80
5373,75
5374,60
5375,50
5376,60
5377,75
5378,70
5379,80
5380,75
5381,70
5382,75
5383,25
5384,70
5385,40
5386,85
5387,50
5388,80
5389,50
5390,65
5391,45
5392,90
5393,75
5394,75
5395,90
5396,90
5397,60
5398,45
5399,70
5400,10
5401,30
5402,75
5403,65
5404,90
5405,30
5406,75
5407,40
5408,85
5409,5
5410,35
5411,35
5412,90
5413,70
5414,95
5415,70
5416,70
5417,90
5418,85
5419,90
5420,75
5421,60
5422,55
5423,95
5424,80
5425,90
5426,45
5427,25
5428,80
5429,60
5430,90
5431,75
5432,75
5433,30
5434,55
5435,65
5436,75
5437,90
5438,70
5439,65
5440,90
5441,65
5442,70
5443,95
5444,40
5445,80
5446,90
5447,85
5448,85
5449,10
5450,90
5451,90
5452,75
5453,80
5454,50
5455,95
5456,80
5457,85
5458,35
5459,65
5460,5
5461,55
5462,75
5463,90
5464,35
5465,55
5466,70
5467,35
5468,85
5469,90
5470,75
5471,35
5472,60
5473,80
5474,45
5475,65
5476,45
5477,65
5478,60
5479,85
5480,60
5481,65
5482,70
5483,75
5484,85
5485,50
5486,80
5487,35
5488,90
5489,30
5490,90
5491,70
5492,75
5493,65
5494,95
5495,55
5496,30
5497,85
5498,65
5499,85
5500,90
5501,20
5502,80
5503,60
5504,85
5505,20
5506,45
5507,80
5508,90
5509,90
5510,50
5511,70
5512,80
5513,90
5514,90
5515,90
5516,70
5517,35
5518,20
5519,85
5520,85
5521,30
5522,70
5523,85
5524,95
5525,70
5526,80
5527,80
5528,55
5529,25
5530,50
5531,35
5532,80
5533,85
5534,50
5535,75
5536,55
5537,55
5538,-5
5539,60
5540,30
5541,90
5542,75
5543,75
5544,85
5545,85
5546,90
5547,60
5548,70
5549,90
5550,80
5551,65
5552,70
5553,70
5554,65
5555,70
5556,85
5557,80
5558,75
5559,85
5560,30
5561,90
5562,75
5563,95
5564,30
5565,60
5566,65
5567,60
5568,85
5569,70
5570,80
5571,85
5572,95
5573,80
5574,85
5575,60
5576,30
5577,60
5578,55
5579,-5
5580,75
5581,60
5582,70
5583,55
5584,80
5585,5
5586,80
5587,50
5588,60
5589,75
5590,80
5591,85
5592,95
5593,45
5594,35
5595,75
5596,80
5597,75
5598,90
5599,5
5600,90
5601,90
5602,40
5603,45
5604,90
5605,30
5606,90
5607,45
5608,80
5609,50
5610,80
5611,35
5612,55
5613,90
5614,25
5615,30
5616,75
5617,80
5618,70
5619,45
5620,45
5621,60
5622,25
5623,35
5624,15
5625,90
5626,80
5627,80
5628,50
5629,75
5630,45
5631,70
5632,80
5633,90
5634,70
5635,90
5636,70
5637,90
5638,60
5639,25
5640,70
5641,95
5642,80
5643,75
5644,70
5645,85
5646,55
5647,75
5648,80
5649,70
5650,75
5651,30
5652,80
5653,35
5654,90
5655,80
5656,40
5657,90
5658,75
5659,80
5660,90
5661,30
5662,65
5663,90
5664,65
5665,75
5666,90
5667,90
5668,90
5669,80
5670,75
5671,70
5672,45
5673,80
5674,90
5675,55
5676,65
5677,60
5678,75
5679,70
5680,75
5681,65
5682,70
5683,75
5684,70
5685,50
5686,90
5687,55
5688,75
5689,75
5690,80
5691,75
5692,85
5693,75
5694,65
5695,65
5696,55
5697,60
5698,60
5699,25
5700,75
5701,70
5702,75
5703,95
5704,75
5705,40
5706,55
5707,45
5708,90
5709,85
5710,60
5711,90
5712,90
5713,70
5714,20
5715,75
5716,65
5717,70
5718,70
5719,65
5720,55
5721,45
5722,80
5723,75
5724,80
5725,45
5726,80
5727,90
5728,60
5729,85
5730,60
5731,90
5732,80
5733,70
5734,60
5735,90
5736,70
5737,60
5738,80
5739,45
5740,50
5741,80
5742,75
5743,35
5744,25
5745,90
5746,95
5747,70
5748,55
5749,60
5750,95
5751,60
5752,75
5753,50
5754,75
5755,45
5756,60
5757,45
5758,80
5759,65
5760,55
5761,25
5762,45
5763,55
5764,80
5765,90
5766,75
5767,65
5768,65
5769,85
5770,70
5771,90
5772,90
5773,25
5774,40
5775,55
5776,90
5777,25
5778,90
5779,35
5780,70
5781,80
5782,80
5783,75
5784,80
5785,80
5786,90
5787,75
5788,30
5789,90
5790,85
5791,65
5792,60
5793,90
5794,90
5795,90
5796,65
5797,80
5798,65
5799,95
5800,30
5801,90
5802,70
5803,30
5804,75
5805,75
5806,50
5807,90
5808,90
5809,65
5810,90
5811,75
5812,85
5813,25
5814,90
5815,55
5816,70
5817,80
5818,85
5819,50
5820,95
5821,80
5822,85
5823,50
5824,80
5825,75
5826,80
5827,40
5828,85
5829,40
5830,65
5831,45
5832,65
5833,30
5834,90
5835,70
5836,75
5837,70
5838,65
5839,10
5840,90
5841,90
5842,85
5843,65
5844,55
5845,45
5846,40
5847,75
5848,50
5849,90
5850,35
5851,80
5852,60
5853,90
5854,75
5855,45
5856,75
5857,60
5858,45
5859,80
5860,15
5861,45
5862,95
5863,70
5864,60
5865,30
5866,95
5867,80
5868,75
5869,70
5870,85
5871,65
5872,80
5873,80
5874,55
5875,35
5876,5
5877,70
5878,90
5879,90
5880,75
5881,60
5882,90
5883,-30
5884,90
5885,75
5886,70
5887,70
5888,80
5889,80
5890,55
5891,85
5892,25
5893,85
5894,65
5895,55
5896,70
5897,80
5898,80
5899,90
5900,95
5901,50
5902,85
5903,60
5904,75
5905,30
5906,50
5907,35
5908,65
5909,75
5910,95
5911,80
5912,55
5913,65
5914,35
5915,80
5916,50
5917,80
5918,60
5919,70
5920,90
5921,90
5922,65
5923,65
5924,95
5925,55
5926,60
5927,85
5928,70
5929,90
5930,40
5931,85
5932,80
5933,85
5934,35
5935,65
5936,70
5937,75
5938,5
5939,45
5940,75
5941,75
5942,80
5943,80
5944,40
5945,70
5946,75
5947,85
5948,65
5949,80
5950,25
5951,60
5952,25
5953,80
5954,25
5955,90
5956,80
5957,55
5958,45
5959,75
5960,90
5961,65
5962,65
5963,75
5964,30
5965,90
5966,75
5967,90
5968,20
5969,70
5970,60
5971,65
5972,35
5973,20
5974,75
5975,65
5976,55
5977,80
5978,75
5979,85
5980,90
5981,65
5982,55
5983,90
5984,55
5985,55
5986,90
5987,85
5988,70
5989,75
5990,75
5991,90
5992,70
5993,80
5994,75
5995,45
5996,75
5997,55
5998,80
5999,25
6000,65
6001,85
6002,55
6003,85
6004,70
6005,30
6006,70
6007,10
6008,80
6009,85
6010,70
6011,90
6012,55
6013,85
6014,20
6015,65
6016,50
6017,70
6018,55
6019,20
6020,35
6021,75
6022,70
6023,75
6024,55
6025,70
6026,50
6027,70
6028,40
6029,70
6030,75
6031,75
6032,70
6033,70
6034,60
6035,80
6036,80
6037,25
6038,95
6039,45
6040,95
6041,85
6042,75
6043,90
6044,45
6045,20
6046,70
6047,80
6048,30
6049,75
6050,90
6051,85
6052,55
6053,80
6054,70
6055,90
6056,90
6057,65
6058,65
6059,40
6060,60
6061,60
6062,45
6063,60
6064,85
6065,70
6066,90
6067,70
6068,95
6069,85
6070,30
6071,60
6072,80
6073,60
6074,65
6075,90
6076,45
6077,95
6078,50
6079,65
6080,70
6081,55
6082,90
6083,60
6084,85
6085,35
6086,55
6087,50
6088,80
6089,60
6090,90
6091,10
6092,65
6093,80
6094,60
6095,60
6096,90
6097,80
6098,50
6099,20
6100,25
6101,55
6102,90
6103,70
6104,80
6105,80
6106,70
6107,90
6108,95
6109,45
6110,90
6111,35
6112,75
6113,65
6114,60
6115,75
6116,70
6117,90
6118,95
6119,75
6120,90
6121,55
6122,75
6123,55
6124,65
6125,50
6126,60
6127,60
6128,75
6129,65
6130,5
6131,35
6132,50
6133,95
6134,65
6135,90
6136,80
6137,95
6138,70
6139,60
6140,60
6141,60
6142,35
6143,60
6144,80
6145,90
6146,30
6147,80
6148,30
6149,80
6150,65
6151,30
6152,65
6153,90
6154,45
6155,60
6156,90
6157,65
6158,70
6159,85
6160,40
6161,40
6162,50
6163,60
6164,80
6165,80
6166,40
6167,10
6168,40
6169,90
6170,90
6171,95
6172,65
6173,25
6174,65
6175,40
6176,90
6177,80
6178,50
6179,90
6180,40
6181,65
6182,90
6183,15
6184,60
6185,55
6186,60
6187,65
6188,80
6189,85
6190,85
6191,90
6192,75
6193,85
6194,85
6195,80
6196,75
6197,85
6198,90
6199,65
6200,95
6201,25
6202,50
6203,60
6204,75
6205,20
6206,95
6207,60
6208,40
6209,85
6210,55
6211,80
6212,95
6213,30
6214,45
6215,65
6216,35
6217,50
6218,35
6219,95
6220,10
6221,35
6222,80
6223,30
6224,60
6225,95
6226,80
6227,75
6228,85
6229,95
6230,40
6231,90
6232,45
6233,90
6234,80
6235,50
6236,45
6237,55
6238,55
6239,75
6240,90
6241,60
6242,85
6243,60
6244,85
6245,90
6246,20
6247,90
6248,40
6249,75
6250,50
6251,95
6252,75
6253,45
6254,75
6255,95
6256,95
6257,45
6258,90
6259,80
6260,90
6261,30
6262,90
6263,65
6264,90
6265,50
6266,60
6267,85
6268,45
6269,55
6270,85
6271,40
6272,80
6273,90
6274,80
6275,75
6276,85
6277,50
6278,80
6279,90
6280,40
6281,90
6282,70
6283,40
6284,35
6285,65
6286,65
6287,45
6288,90
6289,65
6290,95
6291,70
6292,45
6293,75
6294,65
6295,95
6296,85
6297,90
6298,85
6299,40
6300,70
6301,65
6302,40
6303,80
6304,90
6305,85
6306,35
6307,-5
6308,85
6309,50
6310,85
6311,90
6312,70
6313,55
6314,65
6315,90
6316,35
6317,60
6318,70
6319,65
6320,60
6321,70
6322,90
6323,90
6324,90
6325,65
6326,60
6327,55
6328,35
6329,40
6330,75
6331,80
6332,40
6333,40
6334,95
6335,70
6336,50
6337,95
6338,90
6339,75
6340,55
6341,50
6342,55
6343,90
6344,50
6345,55
6346,90
6347,60
6348,65
6349,90
6350,55
6351,95
6352,70
6353,70
6354,70
6355,70
6356,55
6357,55
6358,90
6359,80
6360,70
6361,50
6362,40
6363,65
6364,80
6365,90
6366,45
6367,50
6368,90
6369,80
6370,80
6371,80
6372,80
6373,80
6374,90
6375,90
6376,90
6377,-25
6378,55
6379,75
6380,90
6381,85
6382,90
6383,75
6384,85
6385,90
6386,75
6387,15
6388,65
6389,90
6390,80
6391,10
6392,75
6393,85
6394,10
6395,65
6396,90
6397,45
6398,75
6399,70
6400,50
6401,80
6402,40
6403,60
6404,95
6405,90
6406,65
6407,80
6408,70
6409,60
6410,45
6411,80
6412,35
6413,75
6414,65
6415,80
6416,90
6417,95
6418,90
6419,90
6420,90
6421,90
6422,30
6423,75
6424,90
6425,70
6426,50
6427,35
6428,70
6429,55
6430,80
6431,85
6432,90
6433,80
6434,90
6435,40
6436,75
6437,55
6438,45
6439,75
6440,75
6441,65
6442,70
6443,40
6444,55
6445,90
6446,90
6447,75
6448,85
6449,90
6450,40
6451,95
6452,90
6453,75
6454,90
6455,80
6456,55
6457,85
6458,90
6459,90
6460,75
6461,90
6462,30
6463,70
6464,90
6465,80
6466,90
6467,75
6468,25
6469,25
6470,90
6471,75
6472,60
6473,75
6474,45
6475,0
6476,90
6477,85
6478,5
6479,90
6480,10
6481,65
6482,65
6483,75
6484,90
6485,55
6486,90
6487,60
6488,40
6489,95
6490,35
6491,90
6492,75
6493,45
6494,95
6495,90
6496,95
6497,65
6498,80
6499,75
6500,55
6501,60
6502,90
6503,90
6504,65
6505,80
6506,60
6507,75
6508,65
6509,45
6510,65
6511,85
6512,75
6513,70
6514,80
6515,65
6516,85
6517,50
6518,80
6519,55
6520,80
6521,65
6522,65
6523,30
6524,40
6525,75
6526,80
6527,60
6528,45
6529,75
6530,25
6531,75
6532,80
6533,45
6534,70
6535,65
6536,30
6537,60
6538,90
6539,50
6540,75
6541,75
6542,60
6543,-10
6544,5
6545,90
6546,85
6547,80
6548,45
6549,70
6550,30
6551,90
6552,90
6553,55
6554,90
6555,50
6556,65
6557,55
6558,90
6559,55
6560,65
6561,55
6562,75
6563,95
6564,60
6565,60
6566,65
6567,65
6568,75
6569,60
6570,90
6571,75
6572,65
6573,50
6574,65
6575,90
6576,55
6577,90
6578,60
6579,65
6580,75
6581,85
6582,85
6583,60
6584,85
6585,25
6586,80
6587,45
6588,30
6589,60
6590,80
6591,90
6592,90
6593,90
6594,80
6595,20
6596,90
6597,60
6598,65
6599,85
6600,60
6601,65
6602,85
6603,85
6604,60
6605,65
6606,35
6607,60
6608,55
6609,85
6610,70
6611,75
6612,85
6613,90
6614,85
6615,60
6616,35
6617,70
6618,65
6619,50
6620,45
6621,15
6622,60
6623,80
6624,70
6625,70
6626,60
6627,75
6628,55
6629,40
6630,55
6631,40
6632,85
6633,60
6634,65
6635,65
6636,60
6637,80
6638,75
6639,30
6640,25
6641,60
6642,70
6643,35
6644,90
6645,75
6646,75
6647,45
6648,90
6649,90
6650,90
6651,80
6652,90
6653,90
6654,65
6655,50
6656,25
6657,70
6658,30
6659,60
6660,40
6661,75
6662,85
6663,50
6664,65
6665,90
6666,90
6667,65
6668,90
6669,90
6670,90
6671,60
6672,35
6673,90
6674,50
6675,25
6676,65
6677,85
6678,60
6679,75
6680,40
6681,65
6682,65
6683,60
6684,-15
6685,65
6686,30
6687,50
6688,65
6689,50
6690,75
6691,65
6692,70
6693,95
6694,95
6695,80
6696,75
6697,50
6698,80
6699,40
6700,40
6701,30
6702,75
6703,35
6704,85
6705,65
6706,45
6707,55
6708,65
6709,80
6710,75
6711,25
6712,15
6713,75
6714,60
6715,65
6716,75
6717,90
6718,-40
6719,35
6720,30
6721,70
6722,45
6723,50
6724,35
6725,90
6726,80
6727,75
6728,65
6729,50
6730,75
6731,65
6732,90
6733,55
6734,65
6735,55
6736,0
6737,50
6738,65
6739,20
6740,60
6741,30
6742,90
6743,40
6744,75
6745,70
6746,75
6747,25
6748,90
6749,65
6750,90
6751,75
6752,40
6753,90
6754,75
6755,85
6756,85
6757,65
6758,30
6759,75
6760,75
6761,30
6762,90
6763,55
6764,55
6765,85
6766,65
6767,80
6768,5
6769,75
6770,60
6771,60
6772,60
6773,75
6774,75
6775,80
6776,75
6777,60
6778,70
6779,55
6780,40
6781,25
6782,80
6783,80
6784,80
6785,25
6786,90
6787,85
6788,95
6789,70
6790,45
6791,40
6792,60
6793,55
6794,10
6795,90
6796,80
6797,75
6798,70
6799,50
6800,60
6801,25
6802,80
6803,95
6804,45
6805,80
6806,90
6807,60
6808,90
6809,90
6810,90
6811,90
6812,20
6813,70
6814,80
6815,90
6816,0
6817,95
6818,90
6819,90
6820,70
6821,90
6822,65
6823,75
6824,50
6825,35
6826,80
6827,50
6828,40
6829,60
6830,80
6831,75
6832,75
6833,60
6834,75
6835,35
6836,70
6837,80
6838,40
6839,65
6840,45
6841,80
6842,60
6843,50
6844,70
6845,50
6846,60
6847,95
6848,75
6849,60
6850,65
6851,60
6852,95
6853,65
6854,50
6855,65
6856,90
6857,70
6858,10
6859,35
6860,75
6861,85
6862,95
6863,40
6864,95
6865,50
6866,65
6867,-5
6868,35
6869,60
6870,90
6871,30
6872,80
6873,95
6874,25
6875,65
6876,90
6877,90
6878,75
6879,75
6880,20
6881,70
6882,70
6883,85
6884,55
6885,80
6886,55
6887,55
6888,45
6889,45
6890,80
6891,95
6892,75
6893,70
6894,90
6895,70
6896,50
6897,90
6898,85
6899,60
6900,90
6901,80
6902,75
6903,65
6904,80
6905,50
6906,80
6907,75
6908,75
6909,90
6910,65
6911,45
6912,70
6913,65
6914,75
6915,60
6916,80
6917,55
6918,30
6919,70
6920,55
6921,60
6922,85
6923,50
6924,90
6925,70
6926,80
6927,70
6928,25
6929,95
6930,55
6931,50
6932,70
6933,80
6934,65
6935,60
6936,75
6937,55
6938,15
6939,80
6940,60
6941,80
6942,20
6943,45
6944,45
6945,75
6946,85
6947,40
6948,75
6949,50
6950,55
6951,90
6952,70
6953,75
6954,85
6955,70
6956,45
6957,35
6958,60
6959,10
6960,40
6961,5
6962,75
6963,75
6964,50
6965,55
6966,45
6967,60
6968,90
6969,40
6970,90
6971,5
6972,70
6973,35
6974,70
6975,95
6976,45
6977,55
6978,50
6979,50
6980,60
6981,60
6982,80
6983,65
6984,85
6985,70
6986,55
6987,90
6988,90
6989,90
6990,75
6991,85
6992,85
6993,85
6994,-10
6995,75
6996,60
6997,35
6998,40
6999,70
7000,80
7001,90
7002,70
7003,70
7004,30
7005,55
7006,75
7007,45
7008,75
7009,35
7010,45
7011,70
7012,50
7013,65
7014,50
7015,80
7016,75
7017,90
7018,80
7019,50
7020,85
7021,70
7022,30
7023,25
7024,25
7025,45
7026,45
7027,65
7028,60
7029,65
7030,65
7031,70
7032,85
7033,65
7034,60
7035,75
7036,90
7037,35
7038,80
7039,85
7040,35
7041,70
7042,50
7043,90
7044,95
7045,40
7046,35
7047,80
7048,85
7049,75
7050,60
7051,90
7052,80
7053,70
7054,75
7055,5
7056,75
7057,50
7058,85
7059,25
7060,90
7061,90
7062,45
7063,55
7064,65
7065,75
7066,90
7067,75
7068,70
7069,60
7070,90
7071,70
7072,80
7073,75
7074,90
7075,35
7076,25
7077,55
7078,95
7079,65
7080,85
7081,55
7082,75
7083,75
7084,80
7085,80
7086,50
7087,65
7088,75
7089,-10
7090,70
7091,50
7092,70
7093,35
7094,5
7095,90
7096,80
7097,60
7098,95
7099,55
7100,70
7101,90
7102,20
7103,85
7104,50
7105,45
7106,70
7107,60
7108,90
7109,85
7110,20
7111,35
7112,65
7113,60
7114,70
7115,40
7116,55
7117,45
7118,85
7119,85
7120,80
7121,40
7122,85
7123,95
7124,85
7125,90
7126,75
7127,40
7128,75
7129,75
7130,80
7131,75
7132,5
7133,95
7134,50
7135,90
7136,60
7137,90
7138,50
7139,90
7140,75
7141,65
7142,65
7143,55
7144,80
7145,50
7146,65
7147,90
7148,90
7149,55
7150,55
7151,55
7152,90
7153,65
7154,80
7155,80
7156,90
7157,75
7158,65
7159,70
7160,25
7161,80
7162,80
7163,90
7164,75
7165,40
7166,60
7167,50
7168,75
7169,35
7170,60
7171,90
7172,80
7173,55
7174,75
7175,65
7176,70
7177,80
7178,75
7179,85
7180,95
7181,90
7182,80
7183,50
7184,75
7185,85
7186,55
7187,70
7188,70
7189,70
7190,80
7191,30
7192,75
7193,45
7194,45
7195,60
7196,65
7197,75
7198,90
7199,75
7200,95
7201,90
7202,80
7203,5
7204,80
7205,90
7206,90
7207,75
7208,55
7209,55
7210,90
7211,85
7212,70
7213,25
7214,70
7215,75
7216,90
7217,25
7218,65
7219,80
7220,85
7221,80
7222,35
7223,60
7224,75
7225,90
7226,25
7227,90
7228,70
7229,50
7230,75
7231,65
7232,60
7233,70
7234,90
7235,50
7236,80
7237,75
7238,85
7239,75
7240,60
7241,80
7242,75
7243,65
7244,50
7245,65
7246,30
7247,40
7248,60
7249,85
7250,60
7251,80
7252,70
7253,55
7254,65
7255,55
7256,65
7257,85
7258,60
7259,0
7260,50
7261,20
7262,75
7263,70
7264,80
7265,75
7266,75
7267,10
7268,55
7269,75
7270,50
7271,60
7272,80
7273,45
7274,35
7275,60
7276,90
7277,75
7278,60
7279,80
7280,70
7281,20
7282,45
7283,90
7284,60
7285,90
7286,80
7287,75
7288,30
7289,55
7290,5
7291,75
7292,70
7293,80
7294,40
7295,40
7296,40
7297,50
7298,90
7299,75
7300,80
7301,90
7302,40
7303,35
7304,85
7305,5
7306,80
7307,65
7308,90
7309,35
7310,65
7311,20
7312,55
7313,70
7314,55
7315,85
7316,90
7317,80
7318,90
7319,50
7320,40
7321,35
7322,70
7323,45
7324,75
7325,25
7326,80
7327,55
7328,75
7329,80
7330,55
7331,90
7332,95
7333,65
7334,70
7335,30
7336,60
7337,80
7338,40
7339,90
7340,70
7341,75
7342,-15
7343,85
7344,40
7345,90
7346,50
7347,55
7348,80
7349,65
7350,75
7351,45
7352,85
7353,45
7354,90
7355,85
7356,50
7357,90
7358,60
7359,75
7360,65
7361,65
7362,90
7363,40
7364,65
7365,45
7366,60
7367,65
7368,65
7369,75
7370,40
7371,65
7372,70
7373,40
7374,80
7375,90
7376,70
7377,60
7378,80
7379,55
7380,65
7381,75
7382,70
7383,35
7384,90
7385,80
7386,75
7387,85
7388,60
7389,65
7390,50
7391,75
7392,65
7393,80
7394,50
7395,60
7396,80
7397,75
7398,80
7399,60
7400,45
7401,75
7402,50
7403,40
7404,50
7405,70
7406,90
7407,50
7408,90
7409,90
7410,80
7411,85
7412,75
7413,60
7414,65
7415,75
7416,90
7417,80
7418,25
7419,55
7420,95
7421,50
7422,75
7423,90
7424,70
7425,20
7426,45
7427,30
7428,65
7429,15
7430,90
7431,35
7432,60
7433,65
7434,45
7435,50
7436,45
7437,75
7438,30
7439,30
7440,20
7441,65
7442,85
7443,40
7444,50
7445,60
7446,45
7447,50
7448,70
7449,10
7450,85
7451,70
7452,70
7453,15
7454,90
7455,70
7456,60
7457,85
7458,45
7459,60
7460,90
7461,90
7462,50
7463,-25
7464,95
7465,45
7466,85
7467,60
7468,70
7469,90
7470,40
7471,60
7472,90
7473,90
7474,55
7475,60
7476,60
7477,70
7478,55
7479,75
7480,90
7481,80
7482,80
7483,40
7484,70
7485,20
7486,40
7487,75
7488,90
7489,35
7490,50
7491,75
7492,90
7493,60
7494,85
7495,65
7496,80
7497,50
7498,70
7499,90
7500,90
7501,90
7502,40
7503,80
7504,75
7505,90
7506,70
7507,70
7508,65
7509,90
7510,70
7511,90
7512,70
7513,65
7514,90
7515,35
7516,5
7517,65
7518,90
7519,75
7520,75
7521,55
7522,75
7523,30
7524,85
7525,70
7526,90
7527,80
7528,65
7529,70
7530,75
7531,55
7532,80
7533,10
7534,35
7535,85
7536,60
7537,90
7538,65
7539,25
7540,90
7541,65
7542,80
7543,75
7544,80
7545,65
7546,90
7547,80
7548,80
7549,80
7550,65
7551,60
7552,60
7553,85
7554,90
7555,65
7556,90
7557,60
7558,90
7559,40
7560,70
7561,55
7562,90
7563,75
7564,70
7565,80
7566,50
7567,40
7568,90
7569,75
7570,70
7571,15
7572,70
7573,55
7574,80
7575,80
7576,55
7577,60
7578,55
7579,70
7580,75
7581,65
7582,65
7583,85
7584,80
7585,90
7586,35
7587,80
7588,50
7589,80
7590,75
7591,15
7592,85
7593,65
7594,80
7595,55
7596,65
7597,90
7598,65
7599,65
7600,25
7601,65
7602,80
7603,90
7604,65
7605,10
7606,75
7607,60
7608,70
7609,70
7610,80
7611,90
7612,90
7613,75
7614,70
7615,85
7616,75
7617,80
7618,50
7619,55
7620,50
7621,60
7622,45
7623,90
7624,60
7625,80
7626,80
7627,70
7628,75
7629,80
7630,90
7631,95
7632,90
7633,70
7634,45
7635,60
7636,25
7637,75
7638,70
7639,45
7640,55
7641,50
7642,60
7643,75
7644,65
7645,50
7646,60
7647,80
7648,60
7649,75
7650,65
7651,80
7652,75
7653,60
7654,70
7655,45
7656,70
7657,75
7658,50
7659,75
7660,60
7661,80
7662,80
7663,80
7664,65
7665,50
7666,60
7667,90
7668,90
7669,35
7670,95
7671,80
7672,20
7673,90
7674,70
7675,75
7676,75
7677,90
7678,50
7679,20
7680,50
7681,70
7682,45
7683,10
7684,45
7685,90
7686,75
7687,85
7688,65
7689,80
7690,60
7691,85
7692,65
7693,40
7694,15
7695,65
7696,70
7697,65
7698,75
7699,35
7700,90
7701,55
7702,90
7703,55
7704,70
7705,50
7706,90
7707,40
7708,15
7709,90
7710,50
7711,95
7712,60
7713,80
7714,70
7715,60
7716,50
7717,90
7718,50
7719,80
7720,85
7721,80
7722,90
7723,65
7724,80
7725,55
7726,90
7727,55
7728,45
7729,90
7730,70
7731,70
7732,90
7733,80
7734,15
7735,65
7736,90
7737,60
7738,75
7739,75
7740,5
7741,40
7742,20
7743,60
7744,90
7745,65
7746,85
7747,75
7748,50
7749,90
7750,90
7751,65
7752,40
7753,65
7754,50
7755,90
7756,50
7757,75
7758,50
7759,70
7760,85
7761,95
7762,60
7763,75
7764,50
7765,80
7766,25
7767,15
7768,75
7769,80
7770,60
7771,75
7772,65
7773,65
7774,65
7775,35
7776,90
7777,75
7778,85
7779,90
7780,55
7781,70
7782,90
7783,90
7784,45
7785,45
7786,75
7787,60
7788,60
7789,35
7790,45
7791,70
7792,50
7793,45
7794,90
7795,30
7796,65
7797,50
7798,90
7799,75
7800,55
7801,90
7802,65
7803,95
7804,35
7805,50
7806,50
7807,55
7808,25
7809,80
7810,90
7811,-15
7812,90
7813,60
7814,40
7815,90
7816,60
7817,90
7818,80
7819,65
7820,75
7821,90
7822,75
7823,85
7824,80
7825,90
7826,65
7827,90
7828,65
7829,55
7830,75
7831,40
7832,30
7833,90
7834,85
7835,45
7836,90
7837,60
7838,75
7839,80
7840,70
7841,60
7842,45
7843,65
7844,70
7845,60
7846,70
7847,25
7848,40
7849,75
7850,65
7851,55
7852,55
7853,75
7854,75
7855,70
7856,30
7857,0
7858,80
7859,65
7860,80
7861,60
7862,90
7863,40
7864,75
7865,55
7866,50
7867,45
7868,85
7869,70
7870,70
7871,70
7872,70
7873,55
7874,75
7875,60
7876,60
7877,55
7878,85
7879,70
7880,50
7881,90
7882,85
7883,35
7884,65
7885,45
7886,70
7887,45
7888,70
7889,70
7890,40
7891,60
7892,75
7893,65
7894,5
7895,90
7896,65
7897,50
7898,65
7899,55
7900,20
7901,90
7902,35
7903,75
7904,60
7905,85
7906,70
7907,90
7908,70
7909,90
7910,55
7911,90
7912,75
7913,90
7914,65
7915,50
7916,85
7917,80
7918,45
7919,65
7920,70
7921,65
7922,90
7923,65
7924,55
7925,45
7926,75
7927,25
7928,60
7929,85
7930,90
7931,55
7932,45
7933,65
7934,5
7935,85
7936,55
7937,80
7938,60
7939,75
7940,50
7941,10
7942,40
7943,80
7944,80
7945,75
7946,10
7947,50
7948,45
7949,90
7950,70
7951,70
7952,55
7953,70
7954,75
7955,45
7956,65
7957,75
7958,65
7959,90
7960,90
7961,75
7962,50
7963,45
7964,20
7965,80
7966,45
7967,30
7968,70
7969,35
7970,55
7971,80
7972,80
7973,70
7974,80
7975,90
7976,45
7977,85
7978,65
7979,65
7980,65
7981,65
7982,80
7983,75
7984,90
7985,35
7986,85
7987,75
7988,80
7989,90
7990,80
7991,80
7992,80
7993,75
7994,50
7995,45
7996,0
7997,10
7998,50
7999,70
8000,80
8001,80
8002,5
8003,95
8004,15
8005,70
8006,30
8007,90
8008,90
8009,55
8010,40
8011,75
8012,70
8013,85
8014,-5
8015,65
8016,95
8017,75
8018,65
8019,70
8020,55
8021,65
8022,55
8023,65
8024,70
8025,65
8026,80
8027,55
8028,-20
8029,50
8030,85
8031,75
8032,65
8033,40
8034,65
8035,75
8036,80
8037,30
8038,70
8039,70
8040,60
8041,65
8042,50
8043,55
8044,75
8045,30
8046,90
8047,60
8048,25
8049,80
8050,70
8051,80
8052,65
8053,60
8054,90
8055,80
8056,60
8057,90
8058,50
8059,80
8060,75
8061,55
8062,90
8063,65
8064,90
8065,75
8066,70
8067,80
8068,70
8069,5
8070,55
8071,50
8072,75
8073,70
8074,30
8075,50
8076,90
8077,40
8078,85
8079,60
8080,75
8081,90
8082,80
8083,45
8084,75
8085,35
8086,80
8087,-5
8088,70
8089,90
8090,35
8091,75
8092,45
8093,75
8094,15
8095,95
8096,40
8097,60
8098,90
8099,90
8100,85
8101,35
8102,65
8103,60
8104,65
8105,90
8106,90
8107,75
8108,70
8109,75
8110,80
8111,75
8112,5
8113,75
8114,70
8115,40
8116,50
8117,65
8118,55
8119,60
8120,55
8121,80
8122,80
8123,75
8124,90
8125,55
8126,30
8127,85
8128,75
8129,-10
8130,70
8131,85
8132,75
8133,55
8134,75
8135,80
8136,90
8137,55
8138,75
8139,80
8140,75
8141,60
8142,70
8143,60
8144,55
8145,70
8146,90
8147,85
8148,95
8149,35
8150,70
8151,90
8152,70
8153,70
8154,90
8155,80
8156,80
8157,50
8158,70
8159,80
8160,60
8161,55
8162,90
8163,80
8164,55
8165,20
8166,75
8167,90
8168,65
8169,75
8170,35
8171,70
8172,60
8173,40
8174,75
8175,85
8176,95
8177,90
8178,55
8179,60
8180,55
8181,35
8182,15
8183,75
8184,65
8185,55
8186,30
8187,80
8188,45
8189,55
8190,60
8191,30
8192,55
8193,70
8194,90
8195,80
8196,35
8197,40
8198,65
8199,60
8200,35
8201,45
8202,75
8203,90
8204,60
8205,80
8206,75
8207,65
8208,65
8209,80
8210,80
8211,60
8212,25
8213,80
8214,75
8215,50
8216,90
8217,-5
8218,65
8219,70
8220,60
8221,60
8222,65
8223,55
8224,90
8225,65
8226,40
8227,85
8228,0
8229,60
8230,70
8231,65
8232,35
8233,60
8234,60
8235,75
8236,65
8237,80
8238,75
8239,40
8240,90
8241,30
8242,40
8243,30
8244,35
8245,20
8246,60
8247,70
8248,70
8249,75
8250,80
8251,70
8252,90
8253,90
8254,90
8255,80
8256,65
8257,65
8258,65
8259,70
8260,60
8261,65
8262,70
8263,80
8264,50
8265,65
8266,50
8267,75
8268,60
8269,55
8270,85
8271,85
8272,40
8273,90
8274,45
8275,90
8276,80
8277,90
8278,45
8279,90
8280,70
8281,85
8282,60
8283,80
8284,60
8285,5
8286,60
8287,55
8288,75
8289,70
8290,90
8291,80
8292,90
8293,90
8294,40
8295,80
8296,70
8297,90
8298,90
8299,75
8300,50
8301,45
8302,75
8303,35
8304,30
8305,70
8306,50
8307,75
8308,80
8309,70
8310,50
8311,60
8312,80
8313,65
8314,5
8315,75
8316,35
8317,35
8318,80
8319,45
8320,90
8321,60
8322,50
8323,90
8324,45
8325,55
8326,90
8327,45
8328,30
8329,10
8330,65
8331,65
8332,25
8333,70
8334,90
8335,90
8336,70
8337,55
8338,75
8339,65
8340,30
8341,90
8342,75
8343,85
8344,95
8345,80
8346,65
8347,60
8348,70
8349,5
8350,80
8351,65
8352,80
8353,45
8354,55
8355,60
8356,65
8357,90
8358,50
8359,70
8360,35
8361,80
8362,65
8363,70
8364,20
8365,70
8366,75
8367,80
8368,50
8369,50
8370,80
8371,70
8372,90
8373,85
8374,50
8375,70
8376,35
8377,80
8378,90
8379,55
8380,80
8381,90
8382,70
8383,70
8384,45
8385,60
8386,90
8387,75
8388,25
8389,-5
8390,50
8391,85
8392,70
8393,85
8394,60
8395,15
8396,70
8397,85
8398,45
8399,75
8400,80
8401,45
8402,45
8403,60
8404,20
8405,90
8406,75
8407,80
8408,70
8409,30
8410,60
8411,55
8412,65
8413,55
8414,75
8415,65
8416,25
8417,80
8418,80
8419,40
8420,90
8421,70
8422,40
8423,45
8424,20
8425,65
8426,65
8427,40
8428,30
8429,70
8430,35
8431,75
8432,20
8433,35
8434,30
8435,25
8436,80
8437,70
8438,65
8439,55
8440,50
8441,90
8442,80
8443,85
8444,70
8445,30
8446,90
8447,80
8448,85
8449,75
8450,90
8451,70
8452,90
8453,90
8454,45
8455,85
8456,75
8457,70
8458,35
8459,80
8460,60
8461,60
8462,65
8463,70
8464,75
8465,90
8466,80
8467,70
8468,70
8469,0
8470,70
8471,50
8472,75
8473,55
8474,55
8475,75
8476,85
8477,60
8478,75
8479,80
8480,90
8481,45
8482,85
8483,55
8484,70
8485,85
8486,85
8487,70
8488,50
8489,30
8490,60
8491,95
8492,55
8493,50
8494,10
8495,30
8496,75
8497,95
8498,80
8499,85
8500,35
8501,55
8502,60
8503,15
8504,60
8505,10
8506,60
8507,90
8508,95
8509,90
8510,90
8511,80
8512,35
8513,30
8514,30
8515,55
8516,55
8517,90
8518,85
8519,70
8520,60
8521,70
8522,90
8523,70
8524,65
8525,30
8526,70
8527,40
8528,90
8529,70
8530,50
8531,30
8532,35
8533,80
8534,65
8535,90
8536,65
8537,45
8538,75
8539,90
8540,75
8541,90
8542,80
8543,45
8544,60
8545,70
8546,80
8547,60
8548,70
8549,30
8550,50
8551,60
8552,65
8553,90
8554,65
8555,60
8556,85
8557,65
8558,75
8559,65
8560,70
8561,75
8562,90
8563,90
8564,65
8565,90
8566,90
8567,45
8568,80
8569,75
8570,75
8571,65
8572,90
8573,15
8574,75
8575,35
8576,70
8577,70
8578,75
8579,65
8580,75
8581,85
8582,60
8583,75
8584,70
8585,75
8586,30
8587,80
8588,65
8589,80
8590,60
8591,20
8592,85
8593,55
8594,60
8595,40
8596,40
8597,55
8598,70
8599,75
8600,70
8601,95
8602,90
8603,95
8604,75
8605,70
8606,75
8607,80
8608,20
8609,80
8610,90
8611,65
8612,60
8613,50
8614,80
8615,20
8616,80
8617,75
8618,90
8619,70
8620,90
8621,80
8622,75
8623,75
8624,65
8625,85
8626,60
8627,50
8628,75
8629,65
8630,90
8631,65
8632,30
8633,40
8634,75
8635,90
8636,80
8637,65
8638,50
8639,55
8640,50
8641,45
8642,50
8643,85
8644,90
8645,25
8646,90
8647,50
8648,45
8649,50
8650,35
8651,80
8652,10
8653,30
8654,70
8655,30
8656,70
8657,60
8658,60
8659,90
8660,30
8661,80
8662,55
8663,90
8664,75
8665,80
8666,45
8667,75
8668,45
8669,90
8670,65
8671,70
8672,90
8673,75
8674,40
8675,40
8676,5
8677,60
8678,65
8679,35
8680,60
8681,65
8682,75
8683,40
8684,70
8685,80
8686,55
8687,60
8688,85
8689,55
8690,75
8691,50
8692,70
8693,65
8694,80
8695,50
8696,80
8697,55
8698,65
8699,55
8700,85
8701,90
8702,60
8703,35
8704,25
8705,65
8706,60
8707,50
8708,75
8709,90
8710,90
8711,45
8712,85
8713,70
8714,60
8715,25
8716,25
8717,50
8718,60
8719,90
8720,55
8721,65
8722,90
8723,25
8724,80
8725,65
8726,65
8727,90
8728,75
8729,65
8730,90
8731,80
8732,45
8733,60
8734,65
8735,70
8736,55
8737,75
8738,60
8739,65
8740,90
8741,70
8742,85
8743,65
8744,85
8745,80
8746,65
8747,75
8748,90
8749,70
8750,75
8751,75
8752,90
8753,90
8754,65
8755,80
8756,65
8757,90
8758,15
8759,50
8760,65
8761,30
8762,65
8763,95
8764,75
8765,45
8766,75
8767,75
8768,75
8769,65
8770,60
8771,65
8772,90
8773,75
8774,80
8775,85
8776,30
8777,40
8778,65
8779,90
8780,60
8781,65
8782,80
8783,90
8784,45
8785,55
8786,90
8787,65
8788,35
8789,85
8790,90
8791,95
8792,45
8793,75
8794,90
8795,40
8796,75
8797,70
8798,45
8799,65
8800,75
8801,-5
8802,90
8803,85
8804,60
8805,65
8806,90
8807,60
8808,50
8809,70
8810,80
8811,55
8812,70
8813,80
8814,85
8815,40
8816,90
8817,50
8818,20
8819,75
8820,85
8821,40
8822,15
8823,90
8824,70
8825,70
8826,75
8827,40
8828,60
8829,75
8830,45
8831,95
8832,30
8833,80
8834,65
8835,25
8836,30
8837,80
8838,95
8839,75
8840,30
8841,55
8842,50
8843,70
8844,70
8845,45
8846,65
8847,45
8848,75
8849,90
8850,90
8851,50
8852,65
8853,25
8854,90
8855,25
8856,65
8857,50
8858,25
8859,65
8860,75
8861,5
8862,35
8863,70
8864,50
8865,65
8866,70
8867,90
8868,75
8869,90
8870,55
8871,65
8872,70
8873,65
8874,90
8875,60
8876,35
8877,60
8878,95
8879,65
8880,50
8881,85
8882,55
8883,40
8884,75
8885,55
8886,80
8887,85
8888,75
8889,65
8890,75
8891,75
8892,80
8893,60
8894,75
8895,60
8896,80
8897,90
8898,80
8899,65
8900,40
8901,40
8902,75
8903,60
8904,50
8905,80
8906,65
8907,90
8908,90
8909,90
8910,45
8911,90
8912,80
8913,65
8914,65
8915,40
8916,75
8917,60
8918,55
8919,85
8920,70
8921,75
8922,90
8923,45
8924,55
8925,40
8926,65
8927,70
8928,90
8929,45
8930,75
8931,75
8932,75
8933,65
8934,65
8935,65
8936,65
8937,60
8938,15
8939,25
8940,75
8941,50
8942,65
8943,65
8944,80
8945,90
8946,90
8947,30
8948,55
8949,65
8950,60
8951,80
8952,75
8953,55
8954,70
8955,80
8956,15
8957,55
8958,95
8959,20
8960,50
8961,75
8962,45
8963,65
8964,60
8965,95
8966,5
8967,65
8968,75
8969,5
8970,65
8971,75
8972,90
8973,25
8974,55
8975,60
8976,85
8977,65
8978,50
8979,80
8980,45
8981,80
8982,90
8983,75
8984,60
8985,90
8986,90
8987,15
8988,70
8989,50
8990,55
8991,75
8992,65
8993,75
8994,90
8995,55
8996,75
8997,80
8998,55
8999,25
9000,65
9001,30
9002,70
9003,90
9004,45
9005,60
9006,85
9007,70
9008,70
9009,50
9010,85
9011,50
9012,90
9013,90
9014,70
9015,60
9016,95
9017,65
9018,55
9019,85
9020,35
9021,70
9022,75
9023,60
9024,35
9025,75
9026,75
9027,80
9028,80
9029,60
9030,50
9031,75
9032,50
9033,85
9034,30
9035,50
9036,65
9037,90
9038,30
9039,85
9040,70
9041,5
9042,70
9043,80
9044,55
9045,75
9046,60
9047,65
9048,80
9049,85
9050,85
9051,55
9052,25
9053,85
9054,65
9055,90
9056,60
9057,55
9058,80
9059,70
9060,5
9061,90
9062,65
9063,75
9064,-30
9065,90
9066,30
9067,45
9068,90
9069,75
9070,25
9071,65
9072,30
9073,75
9074,75
9075,90
9076,55
9077,85
9078,75
9079,40
9080,45
9081,25
9082,75
9083,90
9084,90
9085,55
9086,95
9087,10
9088,60
9089,55
9090,90
9091,75
9092,75
9093,95
9094,90
9095,55
9096,55
9097,70
9098,80
9099,70
9100,90
9101,80
9102,75
9103,70
9104,45
9105,50
9106,70
9107,45
9108,15
9109,75
9110,70
9111,75
9112,90
9113,55
9114,70
9115,65
9116,50
9117,65
9118,90
9119,40
9120,50
9121,90
9122,55
9123,55
9124,90
9125,45
9126,80
9127,80
9128,80
9129,80
9130,90
9131,65
9132,65
9133,90
9134,15
9135,50
9136,80
9137,75
9138,45
9139,20
9140,75
9141,65
9142,90
9143,90
9144,90
9145,50
9146,40
9147,65
9148,80
9149,90
9150,60
9151,25
9152,65
9153,75
9154,45
9155,90
9156,85
9157,85
9158,40
9159,90
9160,75
9161,70
9162,90
9163,85
9164,90
9165,50
9166,50
9167,75
9168,80
9169,85
9170,80
9171,90
9172,75
9173,5
9174,65
9175,70
9176,60
9177,45
9178,65
9179,75
9180,50
9181,90
9182,75
9183,45
9184,45
9185,70
9186,85
9187,60
9188,50
9189,30
9190,80
9191,40
9192,90
9193,90
9194,95
9195,90
9196,95
9197,80
9198,25
9199,60
9200,90
9201,65
9202,85
9203,90
9204,40
9205,40
9206,90
9207,75
9208,70
9209,55
9210,45
9211,75
9212,60
9213,80
9214,75
9215,90
9216,75
9217,75
9218,0
9219,15
9220,70
9221,50
9222,90
9223,90
9224,50
9225,95
9226,50
9227,70
9228,70
9229,90
9230,90
9231,55
9232,65
9233,30
9234,65
9235,85
9236,70
9237,30
9238,65
9239,85
9240,70
9241,90
9242,65
9243,75
9244,80
9245,70
9246,55
9247,90
9248,85
9249,60
9250,20
9251,75
9252,20
9253,80
9254,90
9255,75
9256,45
9257,70
9258,85
9259,80
9260,0
9261,70
9262,55
9263,60
9264,90
9265,75
9266,80
9267,85
9268,75
9269,90
9270,40
9271,75
9272,95
9273,80
9274,90
9275,55
9276,60
9277,90
9278,75
9279,60
9280,75
9281,60
9282,20
9283,55
9284,60
9285,90
9286,85
9287,80
9288,75
9289,80
9290,85
9291,70
9292,85
9293,45
9294,55
9295,90
9296,90
9297,65
9298,75
9299,80
9300,45
9301,65
9302,50
9303,65
9304,75
9305,90
9306,80
9307,80
9308,50
9309,65
9310,80
9311,70
9312,70
9313,90
9314,40
9315,50
9316,-5
9317,50
9318,75
9319,65
9320,70
9321,50
9322,70
9323,80
9324,70
9325,85
9326,75
9327,85
9328,65
9329,50
9330,80
9331,-25
9332,75
9333,90
9334,90
9335,90
9336,65
9337,35
9338,90
9339,30
9340,85
9341,80
9342,85
9343,80
9344,80
9345,65
9346,90
9347,55
9348,65
9349,95
9350,90
9351,75
9352,25
9353,75
9354,35
9355,90
9356,50
9357,60
9358,30
9359,70
9360,50
9361,70
9362,75
9363,55
9364,30
9365,85
9366,70
9367,60
9368,55
9369,70
9370,90
9371,40
9372,5
9373,90
9374,60
9375,10
9376,65
9377,50
9378,70
9379,95
9380,50
9381,65
9382,30
9383,55
9384,75
9385,10
9386,45
9387,70
9388,-5
9389,80
9390,90
9391,70
9392,70
9393,40
9394,85
9395,30
9396,55
9397,30
9398,85
9399,25
9400,65
9401,90
9402,30
9403,65
9404,80
9405,70
9406,95
9407,70
9408,85
9409,60
9410,85
9411,50
9412,85
9413,75
9414,70
9415,70
9416,60
9417,80
9418,50
9419,90
9420,95
9421,95
9422,65
9423,70
9424,90
9425,65
9426,50
9427,25
9428,70
9429,0
9430,80
9431,65
9432,30
9433,40
9434,80
9435,50
9436,55
9437,35
9438,80
9439,45
9440,0
9441,60
9442,65
9443,70
9444,35
9445,70
9446,75
9447,60
9448,75
9449,90
9450,85
9451,90
9452,20
9453,75
9454,85
9455,90
9456,80
9457,65
9458,65
9459,90
9460,70
9461,10
9462,80
9463,90
9464,80
9465,75
9466,90
9467,75
9468,60
9469,80
9470,35
9471,90
9472,55
9473,40
9474,65
9475,75
9476,50
9477,95
9478,75
9479,45
9480,35
9481,90
9482,80
9483,85
9484,70
9485,65
9486,95
9487,90
9488,90
9489,80
9490,50
9491,55
9492,75
9493,80
9494,45
9495,90
9496,70
9497,90
9498,65
9499,35
9500,15
9501,90
9502,80
9503,80
9504,90
9505,75
9506,85
9507,30
9508,90
9509,90
9510,55
9511,45
9512,90
9513,50
9514,85
9515,35
9516,40
9517,60
9518,70
9519,55
9520,85
9521,35
9522,65
9523,65
9524,35
9525,70
9526,90
9527,80
9528,35
9529,50
9530,50
9531,5
9532,60
9533,90
9534,70
9535,60
9536,75
9537,45
9538,15
9539,20
9540,80
9541,75
9542,90
9543,75
9544,-5
9545,90
9546,60
9547,70
9548,65
9549,50
9550,70
9551,45
9552,60
9553,90
9554,70
9555,50
9556,90
9557,65
9558,40
9559,90
9560,60
9561,55
9562,60
9563,65
9564,65
9565,90
9566,35
9567,75
9568,40
9569,90
9570,95
9571,35
9572,75
9573,70
9574,55
9575,90
9576,70
9577,65
9578,30
9579,70
9580,90
9581,80
9582,75
9583,45
9584,65
9585,75
9586,65
9587,25
9588,85
9589,90
9590,80
9591,90
9592,20
9593,60
9594,70
9595,80
9596,5
9597,35
9598,50
9599,55
9600,55
9601,30
9602,80
9603,60
9604,90
9605,90
9606,80
9607,40
9608,25
9609,50
9610,75
9611,70
9612,60
9613,60
9614,45
9615,65
9616,20
9617,75
9618,90
9619,60
9620,95
9621,65
9622,70
9623,60
9624,75
9625,45
9626,30
9627,85
9628,40
9629,65
9630,65
9631,55
9632,20
9633,80
9634,50
9635,60
9636,75
9637,85
9638,55
9639,65
9640,95
9641,55
9642,70
9643,90
9644,45
9645,50
9646,95
9647,70
9648,75
9649,55
9650,65
9651,70
9652,55
9653,50
9654,90
9655,75
9656,75
9657,80
9658,60
9659,60
9660,60
9661,80
9662,40
9663,55
9664,80
9665,45
9666,15
9667,25
9668,25
9669,65
9670,40
9671,85
9672,45
9673,40
9674,75
9675,40
9676,95
9677,55
9678,65
9679,90
9680,75
9681,95
9682,90
9683,65
9684,30
9685,90
9686,65
9687,35
9688,25
9689,90
9690,40
9691,70
9692,65
9693,90
9694,65
9695,90
9696,55
9697,90
9698,65
9699,70
9700,25
9701,40
9702,40
9703,80
9704,75
9705,70
9706,85
9707,80
9708,50
9709,65
9710,75
9711,60
9712,75
9713,90
9714,75
9715,60
9716,90
9717,90
9718,50
9719,80
9720,65
9721,50
9722,5
9723,35
9724,90
9725,65
9726,70
9727,90
9728,75
9729,80
9730,30
9731,90
9732,75
9733,35
9734,55
9735,90
9736,90
9737,85
9738,90
9739,65
9740,75
9741,90
9742,75
9743,90
9744,85
9745,70
9746,85
9747,75
9748,75
9749,55
9750,70
9751,70
9752,60
9753,70
9754,60
9755,95
9756,80
9757,70
9758,95
9759,85
9760,90
9761,80
9762,75
9763,70
9764,80
9765,65
9766,55
9767,20
9768,60
9769,60
9770,50
9771,90
9772,80
9773,80
9774,85
9775,80
9776,65
9777,45
9778,50
9779,70
9780,35
9781,35
9782,75
9783,95
9784,30
9785,70
9786,95
9787,45
9788,90
9789,90
9790,75
9791,85
9792,65
9793,45
9794,60
9795,95
9796,85
9797,35
9798,80
9799,60
9800,60
9801,55
9802,65
9803,90
9804,85
9805,70
9806,90
9807,55
9808,40
9809,90
9810,65
9811,25
9812,85
9813,10
9814,25
9815,90
9816,30
9817,90
9818,65
9819,85
9820,75
9821,35
9822,25
9823,30
9824,85
9825,85
9826,75
9827,30
9828,30
9829,55
9830,55
9831,70
9832,70
9833,80
9834,90
9835,90
9836,75
9837,45
9838,80
9839,55
9840,20
9841,70
9842,20
9843,90
9844,75
9845,60
9846,95
9847,55
9848,60
9849,80
9850,85
9851,65
9852,65
9853,50
9854,35
9855,90
9856,35
9857,65
9858,90
9859,60
9860,35
9861,85
9862,80
9863,80
9864,70
9865,75
9866,45
9867,55
9868,45
9869,90
9870,75
9871,70
9872,60
9873,60
9874,85
9875,90
9876,95
9877,70
9878,90
9879,30
9880,70
9881,65
9882,80
9883,80
9884,85
9885,40
9886,85
9887,45
9888,70
9889,65
9890,60
9891,90
9892,75
9893,70
9894,90
9895,75
9896,60
9897,85
9898,75
9899,80
9900,75
9901,90
9902,75
9903,20
9904,90
9905,50
9906,90
9907,75
9908,60
9909,80
9910,80
9911,90
9912,90
9913,90
9914,65
9915,50
9916,65
9917,50
9918,65
9919,65
9920,85
9921,75
9922,55
9923,55
9924,90
9925,30
9926,90
9927,65
9928,65
9929,55
9930,75
9931,90
9932,90
9933,55
9934,60
9935,70
9936,80
9937,50
9938,75
9939,90
9940,50
9941,80
9942,75
9943,80
9944,75
9945,60
9946,70
9947,90
9948,95
9949,55
9950,45
9951,75
9952,55
9953,80
9954,40
9955,65
9956,80
9957,45
9958,55
9959,65
9960,75
9961,90
9962,70
9963,35
9964,45
9965,80
9966,40
9967,75
9968,60
9969,90
9970,75
9971,80
9972,90
9973,70
9974,65
9975,75
9976,85
9977,80
9978,90
9979,20
9980,80
9981,55
9982,65
9983,75
9984,90
9985,75
9986,20
9987,75
9988,45
9989,75
9990,75
9991,40
9992,85
9993,20
9994,60
9995,70
9996,65
9997,60
9998,65
9999,5
10000,40
